Sector,Company,Ticker,Exchange,Buying Date,Share Price,Target Price,"Deviation from
 Target Price",Currency,Current in €,Last Meeting,Initial,Shares,Initial Value,Total Value,Total Value in €,Total Dividends,Last Meeting Change,Total Return,Value Added,Weekly Return per Industry,Total Return per Industry,Market Cap,Market Cap in € (B),P/E ratio,Weight in Portofolio ,Weight Industry,Optimization Weight (Risk Team)
Consumer Goods,Koninklijke Ahold Delhaize NV (XAMS:AD),AD,XAMS,16/10/2020,26.785,27,-0.007962963,EUR,26.785,27.055,25.34,40,1013.6,1071.4,1071.4,61.54,-0.009979671,0.117738753,57.8,-0.002391471,-0.007392303,28009740000,28.00974,12.0075,0.023751945,0.138569625,0.025
Consumer Goods,"D.R. HORTON, INC. (XNYS:DHI)",DHI,XNYS,23/02/2021,70.95,95.6,-0.257845188,USD,73.21981424,73.12188675,62.65,22,1378.3,1560.9,1610.835913,17.91,0.001339236,0.181706387,232.5359133,-0.002391471,-0.007392303,24817130000,25.61107327,4.5574,0.035710739,0.138569625,0.025
Consumer Goods,Kering SA (XPAR:KER),KER,XPAR,06/06/2021,495.5,765,-0.352287582,EUR,495.5,501.5,600.1,4,2400.4,1982,1982,52.17,-0.011964108,-0.152570405,-418.4,-0.002391471,-0.007392303,59552550000,59.55255,16.6685,0.043939103,0.138569625,0.025
Consumer Goods,"LOWE'S COMPANIES, INC. (XNYS:LOW)",LOW,XNYS,08/03/2022,188.12,259.52,-0.275123305,USD,194.1382869,193.5651113,209.32,3,627.96,564.36,582.4148607,3.74,0.002961151,-0.066572933,-45.54513932,-0.002391471,-0.007392303,1.16772E+11,120.5081527,14.8325,0.012911598,0.138569625,0.025
Consumer Goods,"WARNER BROS. DISCOVERY, INC. (XNAS:WBD)",WBD,XNAS,22/09/2021,12.01,54.22,-0.77849502,USD,12.39422085,13.42889092,20.99,81,1700.19,972.81,1003.931889,3.74,-0.077048066,-0.409517825,-696.2581115,-0.002391471,-0.007392303,28621320000,29.53696594,7.2262,0.02225624,0.138569625,0.025
Financial Services,MASTERCARD INCORPORATED. (XNYS:MA),MA,XNYS,16/10/2020,298.36,345,-0.135188406,USD,307.9050568,318.4609129,296.73,1,296.73,298.36,307.9050568,1.97,-0.033146473,0.044299723,11.17505676,-0.004398058,0.000511435,2.83709E+11,292.7850361,30.2385,0.00682597,0.125352847,0.025
Financial Services,Allianz SE (XFRA:ALV),ALV,XFRA,16/10/2020,173.44,227,-0.235947137,EUR,173.44,172.28,163.44,4,653.76,693.76,693.76,60.08,0.006733225,0.1530837,40,-0.004398058,0.000511435,68923180000,68.92318,17.96,0.015380016,0.125352847,0.025
Financial Services,S&P Global Inc. (XNYS:SPGI),SPGI,XNYS,26/04/2021,322.37,425,-0.241482353,USD,332.6831785,344.9730609,321.126,5,1605.63,1611.85,1663.415893,12.8,-0.035625629,0.043961493,57.78589267,-0.004398058,0.000511435,1.06006E+11,109.3976264,24.0215,0.036876389,0.125352847,0.025
Financial Services,KKR & CO. INC. (XNYS:KKR),KKR,XNYS,22/09/2021,45.11,77.51,-0.418010579,USD,46.55314757,48.47006201,54.64,17,928.88,766.87,791.4035088,6.63,-0.039548421,-0.140864795,-137.4764912,-0.004398058,0.000511435,37738090000,38.94539732,34.0468,0.017544682,0.125352847,0.025
Financial Services,BARCLAYS PLC (XLON:BARC),BARC,XLON,23/02/2022,1.6626,2.11,-0.212037915,GBp,1.863274683,1.922988769,2.3,416,956.8,691.6416,775.1222683,1.01,-0.031052748,-0.18882497,-181.6777317,-0.004398058,0.000511435,25786050000,28.89840861,5.5365,0.017183742,0.125352847,-1
Financial Services,LONDON STOCK EXCHANGE GROUP PLC (XLON:LSEG),LSEG,XLON,22/11/2021,74.68,90.28,-0.172795747,GBp,83.69382495,88.56291543,80.65,17,1371.05,1269.56,1422.795024,33,-0.054978887,0.061810309,51.7450241,-0.004398058,0.000511435,41508040000,46.51803205,46.3793,0.031542047,0.125352847,0.0632
Real Estate,"EQUINIX, INC. (XNAS:EQIX)",EQIX,XNAS,30/11/2020,609.26,840,-0.274690476,USD,628.75129,626.715462,588.04,3,1764.12,1827.78,1886.25387,39.1,0.003248409,0.091396203,122.13387,-0.000768148,-0.000694965,54019430000,55.74760578,86.7325,0.0418165,0.09324875,0.025
Real Estate,SL GREEN REALTY CORP. (XNYS:SLG),SLG,XNYS,15/11/2021,42.86,94.27,-0.545348467,USD,44.23116615,46.58940734,66.92,13,869.96,557.18,575.00516,42.64,-0.05061754,-0.290030392,-294.95484,-0.000768148,-0.000694965,2678770000,2.764468524,9.6599,0.012747332,0.09324875,0.025
Real Estate,"PROLOGIS, INC. (XNYS:PLD)",PLD,XNYS,26/04/2022,108.54,190.34,-0.429757276,USD,112.0123839,112.7681204,157.62,7,1103.34,759.78,784.0866873,3.67,-0.006701685,-0.286025443,-319.2533127,-0.000768148,-0.000694965,80405050000,82.97734778,21.6733,0.017382475,0.09324875,-1
Real Estate,AMERICAN TOWER CORPORATION (XNYS:AMT),AMT,XNYS,16/02/2022,232.78,288.39,-0.192829155,USD,240.2270382,241.842025,202.64,4,810.56,931.12,960.9081527,7.64,-0.006677859,0.194912348,150.3481527,-0.000768148,-0.000694965,1.06531E+11,109.9390093,38.2626,0.021302443,0.09324875,-1
Healthcare ,MEDTRONIC PUBLIC LIMITED COMPANY (XNYS:MDT),MDT,XNYS,16/10/2020,83.56,130,-0.357230769,USD,86.23323013,89.92579038,93.86,5,469.3,417.8,431.1661507,14.37,-0.041062305,-0.050636798,-38.13384933,-0.002595783,0.06231507,1.09868E+11,113.3826625,21.6076,0.009558554,0.209171955,0.025
Healthcare ,UNITEDHEALTH GROUP INCORPORATED (XNYS:UNH),UNH,XNYS,30/11/2020,517.46,392,0.32005102,USD,534.0144479,531.4628444,282.33,2,564.66,1034.92,1068.028896,13.02,0.004801095,0.914512974,503.3688958,-0.002595783,0.06231507,4.80422E+11,495.7914345,27.0311,0.023677211,0.209171955,0.025
Healthcare ,LABORATORY CORPORATION OF AMERICA HOLDINGS (XNYS:LH),LH,XNYS,05/03/2021,213.03,313,-0.319392971,USD,219.8452012,223.8589001,198.6,8,1588.8,1704.24,1758.76161,7.75,-0.017929592,0.111852725,169.9616099,-0.002595783,0.06231507,19134060000,19.74619195,10.1982,0.038990115,0.209171955,0.025
Healthcare ,THERMO FISHER SCIENTIFIC INC. (XNYS:TMO),TMO,XNYS,10/05/2021,520.29,553,-0.05915009,USD,536.9349845,540.9779404,383.1125,3,1149.3375,1560.87,1610.804954,2.93,-0.007473421,0.404056644,461.4674536,-0.002595783,0.06231507,2.0404E+11,210.5673891,27.6777,0.035710053,0.209171955,0.1051
Healthcare ,VERTEX PHARMACEUTICALS INCORPORATED (XNAS:VRTX),VRTX,XNAS,13/05/2021,286.34,553,-0.05915009,USD,295.500516,291.6946223,176.4966,3,529.4898,859.02,886.501548,2.93,0.013047528,0.674256139,357.011748,-0.002595783,0.06231507,72693440000,75.01902993,23.1569,0.019652918,0.209171955,0.025
Healthcare ,"REGENERON PHARMACEUTICALS, INC. (XNAS:REGN)",REGN,XNAS,25/10/2021,688.26,807,-0.147137546,USD,710.2786378,715.8889905,496.45,2,992.9,1376.52,1420.557276,2.93,-0.007836903,0.430715355,427.6572755,-0.002595783,0.06231507,76014770000,78.44661507,13.7457,0.031492438,0.209171955,0.025
Healthcare ,"IDEXX LABORATORIES, INC. (XNAS:IDXX)",IDXX,XNAS,08/03/2022,326.08,619.51,-0.473648529,USD,336.5118679,343.6006913,477.32,1,477.32,326.08,336.5118679,2.93,-0.020630993,-0.294997344,-140.8081321,-0.002595783,0.06231507,27823390000,28.71350877,42.1449,0.007460156,0.209171955,0.025
Healthcare ,"Teladoc Health, Inc. (XNYS:TDOC)",TDOC,XNYS,06/05/2022,27.96,54.53,-0.487254722,USD,28.85448916,29.93798922,31.89,25,797.25,699,721.3622291,2.93,-0.036191477,-0.095186919,-75.8877709,-0.002595783,0.06231507,4359911000,4.499392157,0,0.015991932,0.209171955,-1
Healthcare ,"HCA HEALTHCARE, INC. (XNYS:HCA)",HCA,XNYS,29/11/2021,194.06,297.44,-0.347565896,USD,200.2683179,205.1031819,207.01,6,1242.06,1164.36,1201.609907,6.11,-0.023572838,-0.027647692,-40.45009288,-0.002595783,0.06231507,54965250000,56.72368421,9.3302,0.026638578,0.209171955,0.025
Industrials,Deutsche Post AG (XFRA:DPW),DPW,XFRA,16/10/2020,31.56,59.1,-0.465989848,EUR,31.56,32.61,41.45,9,373.05,284.04,284.04,20.88,-0.032198712,-0.182629674,-89.01,-0.001347419,-0.005274397,37382420000,37.38242,7.18,0.006296904,0.095331752,0.025
Industrials,Magna International Inc. (XTSE:MG),MG,XTSE,16/10/2020,70.68,85,-0.168470588,CAD,53.67557716,54.77682954,45.2686,9,407.4174,636.12,483.0801944,18.3,-0.020104347,0.230630293,75.66279441,-0.001347419,-0.005274397,19812610000,15.04602825,24.3,0.01070944,0.095331752,0.025
Industrials,E ON SE (XFRA:EOAN),EOAN,XFRA,23/02/2021,8.406,12,-0.2995,EUR,8.406,8.408,8.588,100,858.8,840.6,840.6,36.08,-0.000237869,0.020819748,-18.2,-0.001347419,-0.005274397,21658810000,21.65881,6.15,0.018635323,0.095331752,0.025
Industrials,"APPLIED MATERIALS, INC. (XNAS:AMAT)",AMAT,XNAS,06/06/2021,85.04,140,-0.392571429,USD,87.76057792,89.58015655,121.12,5,605.6,425.2,438.8028896,3.97,-0.020312296,-0.268869073,-166.7971104,-0.001347419,-0.005274397,72515480000,74.83537668,11.3797,0.009727853,0.095331752,0.025
Industrials,CRH PUBLIC LIMITED COMPANY (XDUB:CRG),CRG,XDUB,12/05/2021,33.98,140,-0.392571429,EUR,33.98,34.93,40.692,10,406.92,339.8,339.8,8.1,-0.027197252,-0.145040794,-67.12,-0.001347419,-0.005274397,22868170000,22.86817,15.516,0.007533051,0.095331752,0.025
Industrials,"AIR PRODUCTS AND CHEMICALS, INC. (XNYS:APD)",APD,XNYS,29/11/2021,238.52,333.74,-0.285311919,USD,246.1506708,248.94785,261.78,5,1308.9,1192.6,1230.753354,15.48,-0.011236004,-0.047877337,-78.14664603,-0.001347419,-0.005274397,52581880000,54.26406605,23.7841,0.027284661,0.095331752,0.025
Industrials,LOUISIANA-PACIFIC CORPORATION (XNYS:LPX),LPX,XNYS,16/02/2022,50.92,114.42,-0.554972907,USD,52.54901961,53.30893565,60.9,13,791.7,661.96,683.1372549,5.69,-0.014254947,-0.129939049,-108.5627451,-0.001347419,-0.005274397,3669963000,3.787371517,3.2933,0.01514452,0.095331752,-1
Technology,Deutsche Telekom AG (XFRA:DTE),DTE,XFRA,16/10/2020,18.612,20,-0.0694,EUR,18.612,18.674,13.975,111,1551.225,2065.932,2065.932,137.64,-0.003320124,0.420536673,514.707,-0.002038257,-0.004833302,91331980000,91.33198,13.63,0.045799798,0.236186636,0.025
Technology,"NETFLIX, INC. (XNAS:NFLX)",NFLX,XNAS,16/10/2020,237.05,576,-0.588454861,USD,244.6336429,246.874047,479.8003072,3,1439.400922,711.15,733.9009288,137.64,-0.009075089,-0.49013446,-705.4999929,-0.002038257,-0.004833302,1.00686E+11,103.9069143,22.1823,0.016269903,0.236186636,0.025
Technology,EATON CORPORATION PUBLIC LIMITED COMPANY (XNYS:ETN),ETN,XNYS,16/10/2020,135.13,120,0.126083333,USD,139.4530444,141.4862255,94.04,10,940.4,1351.3,1394.530444,51.94,-0.01437017,0.538143815,454.1304438,-0.002038257,-0.004833302,53427960000,55.13721362,23.4643,0.030915448,0.236186636,0.025
Technology,NVIDIA CORPORATION (XNAS:NVDA),NVDA,XNAS,16/10/2020,125.61,137.25,-0.084808743,USD,129.628483,133.9432754,119.95,3,359.85,376.83,388.8854489,1.18,-0.03221358,0.083966789,29.03544892,-0.002038257,-0.004833302,3.11648E+11,321.6185759,41.187,0.00862123,0.236186636,0.058
Technology,SAP SE (XFRA:SAPA),SAPA,XFRA,23/02/2021,83,128,-0.3515625,EUR,83,83,101.6,4,406.4,332,332,7.22,0,-0.165305118,-74.4,-0.002038257,-0.004833302,97949730000,97.94973,24.39,0.007360132,0.236186636,0.025
Technology,Tencent Holdings Limited (OTCM:TCEHY),TCEHY,OTCM,24/09/2021,35.7,100.72,-0.645552025,USD,36.84210526,37.84690454,50.13,18,902.34,642.6,663.1578947,22.54,-0.026549048,-0.240089218,-239.1821053,-0.002038257,-0.004833302,2.63886E+12,2723.285862,19.58,0.014701596,0.236186636,0.025
Technology,ALPHABET INC. (XNAS:GOOG),GOOG,XNAS,30/09/2021,100.57,216.12,-0.534656672,USD,103.7874097,103.5173325,137.5,20,2750,2011.4,2075.748194,0,0.002609004,-0.245182475,-674.251806,-0.002038257,-0.004833302,1.29062E+12,1331.904025,18.7071,0.046017414,0.236186636,0.025
Technology,Lenovo Group Limited (XHKG:992),992,XHKG,28/09/2021,5.9,13.39,-0.559372666,HKD,0.775703392,0.788819232,0.94,2000,1880,11800,1551.406784,93,-0.016627181,-0.12531554,-328.5932159,-0.002038257,-0.004833302,71192130000,9.359996056,4.2,0.034393251,0.236186636,0.0548
Technology,"Meta Platforms, Inc. (XNAS:META)",META,XNAS,22/11/2021,142.82,439.37,-0.674943669,USD,147.3890609,148.5107248,310.45,5,1552.25,714.1,736.9453044,93,-0.007552747,-0.525240583,-815.3046956,-0.002038257,-0.004833302,3.77359E+11,389.431063,11.8398,0.016337394,0.236186636,0.0411
Technology,DELL TECHNOLOGIES INC. (XNYS:DELL),DELL,XNYS,11/02/2022,36.28,69.8,-0.480229226,USD,37.44066047,37.56226492,53.3,19,1012.7,689.32,711.372549,8.5,-0.00323741,-0.28915518,-301.327451,-0.002038257,-0.004833302,26034740000,26.86763674,4.8866,0.01577047,0.236186636,0.025
