Unnamed: 0;Unnamed: 1;2025-01-31 00:00:00;Unnamed: 3;Fund Manager;Unnamed: 5;Semester;Unnamed: 7;Unnamed: 8;Unnamed: 9;Unnamed: 10;Unnamed: 11;Unnamed: 12;Unnamed: 13;Unnamed: 14;Unnamed: 15;Unnamed: 16;Unnamed: 17;Unnamed: 18;Unnamed: 19;Unnamed: 20;Unnamed: 21;Unnamed: 22;Unnamed: 23;Unnamed: 24;Unnamed: 25;Unnamed: 26;Unnamed: 27;Unnamed: 28;Unnamed: 29;Unnamed: 30;Unnamed: 31;Unnamed: 32;Unnamed: 33;Unnamed: 34;Unnamed: 35;Unnamed: 36;Unnamed: 37;Unnamed: 38;Unnamed: 39;Unnamed: 40;Unnamed: 41;Unnamed: 42;Unnamed: 43;Unnamed: 44;Unnamed: 45;Unnamed: 46;Unnamed: 47;Unnamed: 48;Unnamed: 49;Unnamed: 50;Unnamed: 51;Unnamed: 52;Unnamed: 53;Unnamed: 54;Unnamed: 55;Unnamed: 56;Unnamed: 57;Unnamed: 58;Unnamed: 59
;;2025-02-07 00:00:00;2025-02-14 00:00:00;Victor den Ouden;;Spring 2025;;;;;;;;;;;;;;;;;;;;;;;;;;;;;;;;;;;;;;;;;;;;;;;;;;;;;
;;;2025-02-14 00:00:00;;;;;;;;;;;;;;;;;;;;;;;;;;;;;;;;;;;;;;;;;;;;;;;;;;;;;;;;
;Company Information;;;Shareprice;;;;;;;;Equity Holdings;;;;;Equity Change;;;;;;Measures;;;;;;;;;;;;;;;;;;;;;;;;;;;;;;;;;;;;
;Sector;Company;Buying Date;Share Price;Last Week;Target Price;"Deviation from
 Target Price";Currency;Current in €;Last Meeting;Initial in €;Shares;Initial Value in €;Total Value;Total Value in €;Total Dividends;Last Meeting Change;Total Return;Value Added;Weekly Return per Industry;Total Return per Industry;Market Cap (M);Market Cap in € (M);P/E ratio;Weight in Portfolio ;Weekly weighted return;Total weighted return;Weight Industry;Optimization Weight (Risk Team);;;;;;;;;;;;;;;;;;;;;;;;;;;;;;
AD-NL;Consumer Goods;Koninklijke Ahold Delhaize N.V.;2020-10-16 00:00:00;35.15;34.16;30.21;0.16352201257861632;EUR;35.15;34.16;25.34;40;1013.6;1406;1406;17;0.028981264637002457;0.40390686661404884;392.4;0.003938851525409765;0.02506039094136627;31290.074;31290.074;17.951733;0.025759569872089067;0.0007465449113983688;0.01040446715236115;0.10726878938928545;0.025;;;;;;;;;;;;;;;;;;;;;;;;;;;;;;
HEIA-NL;;Heineken NV;2023-04-05 00:00:00;67.92;67.1;112.7;-0.397338065661047;EUR;67.92;67.1;98.38;12;1180.56;815.04;815.04;17.65;0.012220566318926984;-0.29466524361320057;-365.52;;;38064.57;38064.57;36.480892;0.014932489209493223;0.0001824834746912735;-0.00440008557066681;;0.025;;;;;;;;;;;;;;;;;;;;;;;;;;;Consumer Goods;"
";"
";0.08
PM-US;;Philip Morris International Inc.;2023-09-22 00:00:00;144.77;130.2;110;0.3160909090909092;USD;139.9487650442264;125.24650088980808;86.59487560341627;10;865.9487560341627;1447.7;1399.487650442264;110.04;0.11738662597331473;0.7432066735167311;533.5388944081014;;;225947.9;218423.22006863548;32.011242;0.02564025598626832;0.003009823139320123;0.01905600935967193;;0.025;;;;;;;;;;;;;;;;;;;;;;;;;;;Financial Services;"
";"
";0.13
CROX-US;;Crocs, Inc.;2024-12-13 00:00:00;94.055;102.07;140;-0.32817857142857143;USD;90.92271255256416;98.18671540570439;107.92995850021117;14;1511.0194190029565;1316.77;1272.9179757358984;3.62;-0.07398152411072723;-0.1551809595020165;-238.10144326705813;;;5567.1157;5381.715597660593;6.8962393;0.02332135102233787;-0.0017253490929538223;-0.003619029628529724;;;;;;;;;;;;;;;;;;;;;;;;;;;;;;;;
MDLZ-US;;Mondelez International, Inc.;2024-11-14 00:00:00;58.505;57.99;77.58;-0.24587522557360142;USD;56.556624293102615;55.78375258525324;62.958657338612554;17;1070.2971747564134;994.585;961.4626129827444;0;0.013854781581217779;-0.1016863020295633;-108.83456177366895;;;74804.84;72313.63526511673;17.136013;0.017615123299096966;0.0002440536858352088;-0.0017912167480799717;;;;;;;;;;;;;;;;;;;;;;;;;;;;;Real Estate;"
";"
";0.08
;;;;;;;;;;;;;;;;;;;;;;;;;;;;;;;;;;;;;;;;;;;;;;;;;;;;;;;;Healthcare;"
";"
";0.14
ALV-DE;Financial Services;Allianz SE;2020-10-16 00:00:00;318.4;314.4;227;0.4026431718061674;EUR;318.4;314.4;163.44;4;653.76;1273.6;1273.6;40.64;0.012722646310432628;1.0102790014684286;619.8399999999999;0.00046271781057698246;0.09654473334838215;122080.66;122080.66;13.042178;0.02333384650717826;0.00029686827617275273;0.023573695149689634;0.14329024518806918;0.025;;;;;;;;;;;;;;;;;;;;;;;;;;;Industrials & Energy;"
";"
";0.09
BRK.B-US;;Berkshire Hathaway Inc. Class B;2021-04-25 00:00:00;474.96;468.67;400;0.1874;USD;459.1425395137512;450.83930546871244;300.6439017064334;1;300.6439017064334;474.96;459.1425395137512;0;0.018417280712484496;0.5271972486642531;158.49863780731783;;;1029084.6;994813.2824206098;9.617754;0.008412030105158527;0.00015492671980857508;0.004434799127120443;;;;;;;;;;;;;;;;;;;;;;;;;;;;;Technology, Media & Telecom;"
";"
";0.22
SPGI-US;;S&P Global, Inc.;2021-04-26 00:00:00;519.01;521.41;425;0.22120000000000006;USD;501.7255546425636;501.5727959213121;321.9305210876937;5;1609.6526054384685;2595.05;2508.6277732128183;11.76;0.0003045594228670012;0.5657961007842847;898.9751677743498;;;161064.31;155700.43018028903;45.77643;0.04596100455699772;1.3997857022266839e-05;0.026004557166478048;;0.025;;;;;;;;;;;;;;;;;;;;;;;;;;;ETF;"
";"
";0.02
CME-US;;CME Group Inc. Class A;2022-11-28 00:00:00;245.55;236.52;197.34;0.2442991790817879;USD;237.3725167963652;227.52152373623204;167.49120192643593;5;837.4560096321796;1227.75;1186.862583981826;27.93;0.04329697207703975;0.4505748003592176;349.40657434964635;;;88076.12;85142.94552660832;25.851227;0.021744715263618795;0.0009414803295920831;0.00979762073877307;;;;;;;;;;;;;;;;;;;;;;;;;;;;;Cash;"
";"
";0.24
LSEG-GB;;London Stock Exchange Group plc;2021-11-22 00:00:00;117.25;120.35;90.28;0.298737261852016;GBP;140.75212219987608;143.85157395794295;80.86018215650257;17;1374.6230966605438;1993.25;2392.786077397893;8.26;-0.021546178973147923;0.7466941179956179;1018.1629807373495;;;62360.113;74859.85710340367;90.947876;0.043838648755115894;-0.0009445553720186954;0.03273406116632096;;0.0632;;;;;;;;;;;;;;;;;;;;;;;;;;;;;;
;;;;;;;;;;;;;;;;;;;;;;;;;;;;;;;;;;;;;;;;;;;;;;;;;;;;;;;;;;;
EQIX-US;Real Estate;Equinix, Inc.;2020-11-30 00:00:00;934.29;913.66;840;0.11224999999999996;USD;903.1756005606843;878.8995238324275;588.8956981253391;3;1766.6870943760173;2802.87;2709.526801682053;33.06;0.027620992013286605;0.5523896735379261;942.8397073060355;0.001490458085904115;0.0267918708774786;90538.734;87523.547779013;84.03504;0.04964171050371753;0.0013711532893490677;0.027421568259012766;0.08788031539001848;0.025;;;;;;;;;;;;;;;;;;;;;;;;;;;;;;
PLD-US;;Prologis, Inc.;2024-05-01 00:00:00;117.62;119.25;143;-0.17748251748251742;USD;113.70293392624099;114.71309701313068;103.62;9;932.58;1058.58;1023.3264053361689;11.04;-0.008805996117200676;0.10914495843377403;90.74640533616889;;;109788.78;106132.51486297065;29.331951;0.01874854056913996;-0.00016509957545502582;0.0020463086811127068;;;;;;;;;;;;;;;;;;;;;;;;;;;;;;;;
AED-BE;;Aedifica SA;2023-03-29 00:00:00;59.1;58.25;92;-0.3576086956521739;EUR;59.1;58.25;72.25;18;1300.5;1063.8;1063.8;58.14;0.014592274678111528;-0.13730103806228366;-236.70000000000005;;;2833.982;2833.982;26.602665;0.019490064317160986;0.0002844043720100733;-0.002676006062646877;;;;;;;;;;;;;;;;;;;;;;;;;;;;;;;;
;;;;;;;;;;;;;;;;;;;;;;;;;;;;;;;;;;;;;;;;;;;;;;;;;;;;;;;;;;;
MCK-US;Healthcare ;McKesson Corporation;2024-12-09 00:00:00;598.495;594.75;680;-0.11986029411764709;USD;578.5634878437817;572.1225530277524;571.9753792784766;2;1143.9507585569531;1196.99;1157.1269756875633;0;0.011257963493910506;0.011518168096003922;13.176217130610212;0.0007660104419938011;0.05837481187091346;76132.266;73596.85436705496;27.459393;0.021199924026388973;0.00023866797076276328;0.0002441842885584605;0.1356637930778325;0.025;;;;;;;;;;;;;;;;;;;;;;;;;;;;;;
LH-US;;Labcorp Holdings Inc.;2021-03-05 00:00:00;244.07;249.8;313;-0.220223642172524;USD;235.94180482381938;240.2962820451157;198.8969025574859;8;1591.1752204598872;1952.56;1887.534438590555;14.91;-0.01812128420896153;0.1956222131467733;296.35921813066784;;;20720.8;20030.74097346416;27.808823;0.03458184584413073;-0.0006266674570119882;0.0067649772187293985;;0.025;;;;;;;;;;;;;;;;;;;;;;;;;;;;;;
VRTX-US;;Vertex Pharmaceuticals Incorporated;2024-05-01 00:00:00;473.445;461.68;483.23;-0.020249156716263483;USD;457.6779931364493;444.1152421720937;176.939739237964;2;353.879478475928;946.89;915.3559862728986;0;0.030538809922448173;1.5866320087706467;561.4765077969705;;;123912.65;119786.0215573493;;0.016770395793905924;0.0005121479294743173;0.02660844676636376;;0.025;;;;;;;;;;;;;;;;;;;;;;;;;;;;;;
IDXX-US;;IDEXX Laboratories, Inc.;2022-03-08 00:00:00;458.155;422.05;619.51;-0.2604558441348809;USD;442.8971917444052;405.9929777307489;478.51654080174757;1;478.51654080174757;458.155;442.8971917444052;0;0.09089865105531647;-0.07443702781446737;-35.61934905734239;;;37712.816;36456.876601092365;43.450794;0.008114396270904718;0.0007375876751535292;-0.0006040115409149448;;0.025;;;;;;;;;;;;;;;;;;;;;;;;;;;;;;
NOVO.B-DK;;Novo Nordisk A/S Class B;2022-11-29 00:00:00;628.9;607.3;680.67;-0.07605741401854049;DKK;84.3019139336037;81.38462300466291;58.575526004372506;12;702.9063120524701;7546.799999999999;1011.6229672032443;11.59;0.03584572639445227;0.45568897256803154;308.7166551507743;;;2820117.5;378027.1947331049;27.736492;0.01853411984913374;0.0006643689890740351;0.008445794031504514;;;;;;;;;;;;;;;;;;;;;;;;;;;;;;;;
HCA-US;;HCA Healthcare Inc;2021-11-29 00:00:00;323.09;329.91;297.44;0.08623587950511014;USD;312.33022379041995;317.3584724159492;207.3265021373408;6;1243.9590128240447;1938.54;1873.9813427425197;7.610000000000001;-0.015844066135215495;0.5125830701374294;630.022329918475;;;82202.48;79464.91372226785;14.741602;0.03433353722430101;-0.0005439828344377083;0.01759878991910993;;0.025;;;;;;;;;;;;;;;;;;;;;;;;;;;;;;
FTRE-US;;Fortrea Holdings Inc.;2024-09-21 00:00:00;15.03;16.81;33.66348663486635;-0.5535221837528574;USD;14.529460099569818;16.170458371410707;21.395;8;171.16;120.24;116.23568079655854;0;-0.10148124648972023;-0.32089459688853383;-54.924319203441456;;;1381.3799;1335.3761902460242;;0.002129574069067419;-0.00021611183102114725;-0.0006833688124376641;;;;;;;;;;;;;;;;;;;;;;;;;;;;;;;;
;;;;;;;;;;;;;;;;;;;;;;;;;;;;;;;;;;;;;;;;;;;;;;;;;;;;;;;;;;;
IBE-ES;Industrials;Iberdrola SA;2024-10-10 00:00:00;13.505;13.64;17.42;-0.2247416762342136;EUR;13.505;13.64;14.16;100;1416;1350.5;1350.5;0;-0.009897360703812308;-0.046257062146892625;-65.5;-0.0005223488897711495;0.04733492923075322;86492.414;86492.414;12.666479;0.024742744745559233;-0.0002448878695491564;-0.0011445266813800343;0.0902553960601632;0.025;;;;;;;;;;;;;;;;;;;;;;;;;;;;;;
CMI-US;;Cummins Inc.;2023-05-31 00:00:00;369.8601;356.25;260;0.4225388461538462;USD;357.54275218715253;342.69635900149103;192.41599399286653;3;577.2479819785996;1109.5803;1072.6282565614576;9.899999999999999;0.04332229624183692;0.8753261862448409;495.3802745828581;;;50640.74;48954.265551742465;13.054282;0.019651808336893277;0.000851361462458691;0.017201742444347363;;;;;;;;;;;;;;;;;;;;;;;;;;;;;;;;
CRH-GB;;CRH public limited company;2021-05-12 00:00:00;83.6;80.48;50;0.6719999999999999;GBP;100.3571634619159;96.19588427200041;40.79491811877149;10;407.9491811877149;836;1003.571634619159;0;0.04325839116098962;1.460040811204307;595.6224534314441;;;56846.895;68241.5446628872;21.302258;0.018386609988349123;0.0007953751670005651;0.02684520096268647;;0.025;;;;;;;;;;;;;;;;;;;;;;;;;;;;;;
APD-US;;Air Products and Chemicals, Inc.;2021-11-29 00:00:00;310.25;335.26;300;0.03416666666666668;USD;299.9178307313065;322.50493001779614;262.18639744763294;5;1310.9319872381648;1551.25;1499.5891536565323;22.84;-0.07003644652887409;0.1613334394745709;188.65716641836752;;;72970.87;70540.74145681279;18.014925;0.02747423298936156;-0.0019241976496812492;0.004432512505099423;;0.025;;;;;;;;;;;;;;;;;;;;;;;;;;;;;;
;;;;;;;;;;;;;;;;;;;;;;;;;;;;;;;;;;;;;;;;;;;;;;;;;;;;;;;;;;;
DTE-DE;Technology, Media and Telecom;Deutsche Telekom AG;2020-10-16 00:00:00;32.91;32.35;26;0.26576923076923054;EUR;32.91;32.35;13.975;31;433.22499999999997;1020.2099999999999;1020.2099999999999;36.129999999999995;0.01731066460587316;1.4383172716255985;586.9849999999999;0.007621964035961504;0.25131655897339705;164393.92;164393.92;27.194792;0.01869144436643242;0.000323561324426649;0.026884227263868743;0.25853969715195846;0.025;;;;;;;;;;;;;;;;;;;;;;;;;;;;;;
ASML-NL;;ASML Holding NV;2023-03-15 00:00:00;703;722.7;700;0.004285714285714226;EUR;703;722.7;570.6;2;1141.2;1406;1406;19.880000000000003;-0.027258890272588987;0.24945671223273758;264.79999999999995;;;277299.03;277299.03;36.516636;0.025759569872089067;-0.000702177288612365;0.006425897608820819;;0.025;;;;;;;;;;;;;;;;;;;;;;;;;;;;;;
NFLX-US;;Netflix, Inc.;2020-10-16 00:00:00;1018.0001;976.76;576;0.7673612847222222;USD;984.097926434337;939.5988648934635;467.2238376439887;3;1401.6715129319662;3054.0002999999997;2952.293779303011;0;0.047359637397943244;1.1062665196979773;1550.6222663710448;;;434464.22;419995.37918700755;51.20988;0.05408948640888322;0.0025616584633656883;0.05983738788180628;;0.025;;;;;;;;;;;;;;;;;;;;;;;;;;;;;;
SAP-DE;;SAP SE;2021-02-23 00:00:00;271;268.5;128;1.1171875;EUR;271;268.5;101.6;4;406.4;1084;1084;29.310000000000002;0.009310986964618184;1.7394438976377953;677.6;;;314640.25;314640.25;101.280235;0.019860152020870943;0.00018491761658166484;0.03454562023886289;;0.025;;;;;;;;;;;;;;;;;;;;;;;;;;;;;;
ROP-US;;Roper Technologies;2024-11-18 00:00:00;574.4;575.65;631.4;-0.09027557808045616;USD;555.2709169123689;553.7492184118128;520.5544037953903;2;1041.1088075907805;1148.8;1110.5418338247378;0;0.0027479921414976793;0.06669142142273432;69.43302623395721;;;62559.54;60476.137077674124;40.04071;0.020346429562081263;5.591182854413538e-05;0.0013569323083727411;;;;;;;;;;;;;;;;;;;;;;;;;;;;;;;;
SONY-US;;Sony Group Corporation Sponsored ADR;2022-12-05 00:00:00;22.625;22.01;27.107999999999997;-0.16537553489744716;USD;21.8715259316545;21.17262276946756;15.487383139535982;50;774.3691569767991;1131.25;1093.576296582725;4.93;0.03300975839397702;0.41858219259582086;319.20713960592593;;;136711;132158.15167480303;18.539371;0.020035601011581153;0.0006613703486704153;0.008386545801402686;;;;;;;;;;;;;;;;;;;;;;;;;;;;;;;;
META-US;;Meta Platforms Inc Class A;2021-11-22 00:00:00;720.77;689.18;439.37;0.6404624803696202;USD;696.7663976025907;662.959934587081;310.2075073951016;5;1551.037536975508;3603.85;3483.8319880129534;3.2;0.05099322184011901;1.2481931641787312;1932.7944510374455;;;1804111.4;1744029.5809367294;29.996815;0.06382789012648551;0.0032547897608066175;0.07966953613983035;;0.0411;;;;;;;;;;;;;;;;;;;;;;;;;;;;;;
DELL-US;;Dell Technologies, Inc. Class C;2022-02-11 00:00:00;106.77;103.6;69.8;0.5296561604584527;USD;103.2142684518343;99.65850608436342;53.43655024881393;19;1015.2944547274647;2028.6299999999999;1961.0711005848516;20.95;0.035679466883246524;0.9521638194280153;945.7766458573869;;;74323.64;71848.46053458359;18.880129;0.03592912378353491;0.0012819319821786989;0.034210411730432544;;0.025;;;;;;;;;;;;;;;;;;;;;;;;;;;;;;
;;;;;;;;;;;;;;;;;;;;;;;;;;;;;;;;;;;;;;;;;;;;;;;;;;;;;;;;;;;
EMSM-GB;ETFs;SPDR MSCI Emerging Markets Small Cap UCITS ETF;2023-11-07 00:00:00;91.55;90.86;;;GBP;109.90069754711006;108.60285841145573;97.67;11;1074.3700000000001;1007.05;1208.9076730182105;0;0.011950322069215646;0.12522471124306378;134.5376730182104;0.0002646829889895194;0.0027735529364974715;;;;0.022148607163596866;0.0002646829889895194;0.0027735529364974715;0.022148607163596866;;;;;;;;;;;;;;;;;;;;;;;;;;;;;;;
;;;;;;;;;;;;;;;;;;;;;;;;;;;;;;;;;;;;;;;;;;;;;;;;;;;;;;;;;;;
;CASH;;;;;;;EUR;;;;;;;8457.599999999999;;;;;;;;;;0.1549531565790757;;;0.1549531565790757;;;;;;;;;;;;;;;;;;;;;;;;;;;;;;;
;Total;33;;;;;;;;;;;;;54581.656719486804;;;;13470.375719101597;0.012276357602956405;0.5000130488656811;;;;0.9999999999999998;;;0.9999999999999999;;;;;;;;;;;;;;;;;;;;;;;;;;;;;;;
;;;;;;;;;;;;;;;;;;;;;;;;;;;;;;;;;;;;;;;;;;;;;;;;;;;;;;;;;;;
;;;Portfolio Elements;;;;Currency Exposure;;;;;;;;Stock Indices;;;;;;;;;;;;;;;;;;;;;;;;;;;;;;;;;;;;;;;;;;;;
;;;Element;Value;;;Currency;Exchange Rate;Current;Last Week;Change;Weight;;;Stock Index;Current;Last Week;% Change (Meeting);;;;;;;;;;;;;;;;;;;;;;;;;;;;;;;;;;;;;;;;;
;;;Investments;46124.056719486805;;;EUR;EUR;1;1;0;0.32752303748994893;;;Sigma;16.680415842395576;13.300192123216192;0.2541484880717644;;;;;;;;;;;;;;;;;;;;;;;;;;;;;;;;;;;;;;;;;
;;;Cash;8457.599999999999;;;USD;USD;1.03445;1.03955;-0.004905968928863302;0.5695689767538553;;SP50;S&P 500;6048.34;#Calc;;;;;;;;;;;;;;;;;;;;;;;;;;;;;;;;;;;;;;;;;;
;;;Portfolio Value;54581.656719486804;;;GBP;GBP;0.83302474;0.83662623;-0.004304777773940893;0.08437386590706188;;183660;STOXX Europe 600;542.75;#Calc;;;;;;;;;;;;;;;;;;;;;;;;;;;;;;;;;;;;;;;;;;
;;;;;;;CHF;CHF;0.9406771;0.94396335;-0.0034813321936704167;0;;187653;Germany DAX (TR);21787;21585.93;0.009314863895139025;;;;;;;;;;;;;;;;;;;;;;;;;;;;;;;;;;;;;;;;;
;;;Shares Outstanding;3272.2;;;NOK;NOK;11.633011;11.75149;-0.01008204066037588;0;;;;;;;;;;;;;;;;;;;;;;;;;;;;;;;;;;;;;;;;;;;;;;;
;;;Share Price;16.680415842395576;;;SEK;SEK;11.299765;11.496746;-0.017133630681237855;0;;;;;;;;;;;;;;;;;;;;;;;;;;;;;;;;;;;;;;;;;;;;;;;
;;;;;;;CAD;CAD;1.4803497;1.5055282;-0.016724030808589307;0;;;;;;;;;;;;;;;;;;;;;;;;;;;;;;;;;;;;;;;;;;;;;;;
;;;;;;;DKK;DKK;7.4600916;7.4620976;-0.00026882521611615307;0.01853411984913374;;;;;;;;;;;;;;;;;;;;;;;;;;;;;;;;;;;;;;;;;;;;;;;
;;;;;;;HKD;HKD;8.058884;8.099757;-0.005046200768739073;0;;;;;;;;;;;;;;;;;;;;;;;;;;;;;;;;;;;;;;;;;;;;;;;
;;;;;;;Cash;;;;;0.1549531565790757;;;;;;;;;;;;;;;;;;;;;;;;;;;;;;;;;;;;;;;;;;;;;;;
