Ticker;Industry;Weight_Portfolio
AD.AS;Consumer Goods;0.0002575956987208
HEIA.AS;;0.0001493248920949
PM;;0.0002564025598626
CROX;;0.0002332135102233
MDLZ;;0.0001761512329909
ALV.DE;Financial Services;0.0002333384650717
BRK-B;;8.412030105158527e-05
SPGI;;0.0004596100455699
CME;;0.0002174471526361
LSEG.L;;0.0004383864875511
EQIX;Real Estate;0.0004964171050371
PLD;;0.0001874854056913
AED.BR;;0.0001949006431716
MCK;Healthcare ;0.0002119992402638
LH;;0.0003458184584413
VRTX;;0.000167703957939
IDXX;;8.114396270904718e-05
NOVO-B.CO;;0.0001853411984913
HCA;;0.000343335372243
FTRE;;2.129574069067419e-05
IBE.MC;Industrials;0.0002474274474555
CMI;;0.0001965180833689
CRH.L;;0.0001838660998834
APD;;0.0002747423298936
DTE.DE;Technology, Media and Telecom;0.0001869144436643
ASML.AS;;0.0002575956987208
NFLX;;0.0005408948640888
SAP.DE;;0.0001986015202087
ROP;;0.0002034642956208
SONY;;0.0002003560101158
META;;0.0006382789012648
DELL;;0.0003592912378353
EMSM.L;ETFs;0.0002214860716359
CASH;CASH;0.0015495315657907
