;;2024.09.07;;Fund Manager;;Semester;;;;;;;;;;;;;;;;;;;;;;;
;;2024.09.14;2024.09.21;Jakob Auer;;Fall '24;;;;;;;;;;;;;;;;;;;;;;;
;;;21.Sep;;;;;;;;;;;;;;;;;;;;;;;;;;
;Company Information;;;Shareprice;;;;;;;;Equity Holdings;;;;;Equity Change;;;;;;Measures;;;;;;
;Sector;Company;Buying Date;Share Price;Last Week;Target Price;"Deviation from
 Target Price";Currency;Current in €;Last Meeting;Initial in €;Shares;Initial Value;Total Value;Total Value in €;Total Dividends;Last Meeting Change;Total Return;Value Added;Weekly Return per Industry;Total Return per Industry;Market Cap (M);Market Cap in € (M);P/E ratio;Weight in Portofolio ;Weekly weighted return;Total weighted return;Weight Industry;Optimization Weight (Risk Team)
AD-NL;Consumer Goods;Koninklijke Ahold Delhaize N.V.;16.10.2020; € 30,91 ; € 31,08 ; € 30,21 ;2%;EUR; € 30,91 ; € 31,08 ; € 25,34 ; 40 ; € 1 013,60 ; € 1 236,40 ; € 1 236,40 ; € 81,60 ;-0,55%;30,03%; € 222,80 ;0,03%;2,62%; € 28 392 ; € 28 392 ;15,73;2,77%;-0,02%;0,83%;11,31%;2,50%
HEIA-NL;;Heineken NV;05.04.2023; € 82,52 ; € 81,08 ; € 112,70 ;-27%;EUR; € 82,52 ; € 81,08 ; € 98,38 ; 12 ; € 1 180,56 ; € 990,24 ; € 990,24 ; € 23,16 ;1,78%;-14,16%;-€ 190,32 ;;; € 46 659 ; € 46 659 ;44,35;2,21%;0,04%;-0,31%;;2,50%
PM-US;;Philip Morris International Inc.;22.09.2023; £125,62 ; £125,81 ; £110,00 ;14%;USD; € 113,28 ; € 113,13 ; € 86,59 ; 25 ; £2 164,87 ; £3 140,50 ; € 2 832,09 ; € 50,21 ;0,13%;33,14%; € 667,21 ;;; € 195 314 ; € 176 133 ;22,25;6,33%;0,01%;2,10%;;2,50%
;;;;;;;;;;;;;;;;;;;;;;;;;;;;;
ALV-DE;Financial Services;Allianz SE;16.10.2020; € 286,60 ; € 280,20 ; € 227,00 ;26%;EUR; € 286,60 ; € 280,20 ; € 163,44 ; 4 ; € 653,76 ; € 1 146,40 ; € 1 146,40 ; € 134,29 ;2,28%;95,90%; € 492,64 ;0,51%;12,83%; € 111 999 ; € 111 999 ;12,41;2,56%;0,06%;2,46%;19,83%;2,50%
BRK.B-US;;Berkshire Hathaway Inc. Class B;25.04.2021; $447,61 ; $459,42 ; $400,00 ;12%;USD; € 403,65 ; € 413,13 ; € 300,36 ; 1 ; $300,36 ; $447,61 ; € 403,65 ; € 15,61 ;-2,29%;39,59%; € 103,30 ;;; € 964 618 ; € 869 887 ;14,24;0,90%;-0,02%;0,36%;;
SPGI-US;;S&P Global, Inc.;26.04.2021; $519,45 ; $510,64 ; $425,00 ;22%;USD; € 468,44 ; € 459,19 ; € 321,93 ; 5 ; $1 609,65 ; $2 597,25 ; € 2 342,19 ; € 24,39 ;2,01%;47,02%; € 732,53 ;;; € 162 588 ; € 146 621 ;49,24;5,24%;0,11%;2,46%;;2,50%
KKR-US;;KKR & Co Inc;22.09.2021; $122,80 ; $116,24 ; $77,51 ;58%;USD; € 110,74 ; € 104,53 ; € 54,53 ; 17 ; $926,94 ; $2 087,60 ; € 1 882,59 ; € 12,13 ;5,94%;104,41%; € 955,64 ;;; € 108 978 ; € 98 275 ;29,00;4,21%;0,25%;4,40%;;2,50%
CME-US;;CME Group Inc. Class A;28.11.2022; £216,99 ; £220,50 ; £197,34 ;10%;USD; € 195,68 ; € 198,28 ; € 167,49 ; 5 ; £837,46 ; £1 084,95 ; € 978,40 ; € 30,96 ;-1,31%;20,53%; € 140,95 ;;; € 78 137 ; € 70 464 ;23,93;2,19%;-0,03%;0,45%;;
LSEG-GB;;London Stock Exchange Group plc;22.11.2021; £104,80 ; £101,80 ; £90,28 ;16%;GBP; € 124,31 ; € 120,65 ; € 80,86 ; 17 ; £1 374,62 ; £1 781,60 ; € 2 113,29 ; € 47,72 ;3,03%;57,21%; € 738,67 ;;; € 55 554 ; € 65 897 ;81,29;4,73%;0,14%;2,70%;;6,32%
;;;;;;;;;;;;;;;;;;;;;;;;;;;;;
EQIX-US;Real Estate;Equinix, Inc.;30.11.2020; $871,54 ; $817,96 ; $840,00 ;4%;USD; € 785,95 ; € 735,54 ; € 588,90 ; 3 ; $1 766,69 ; $2 614,62 ; € 2 357,85 ; € 74,70 ;6,85%;37,69%; € 591,16 ;0,41%;1,94%; € 82 748 ; € 74 622 ;79,79;5,27%;0,36%;1,99%;7,88%;2,50%
PLD-US;;Prologis, Inc.;01.05.2024; $129,98 ; $127,23 ; $143,00 ;-9%;USD; € 117,22 ; € 114,41 ; € 103,62 ; 9 ; $932,58 ; $1 169,82 ; € 1 054,94 ; € -   ;2,45%;13,12%; € 122,36 ;;;;;;;;;;
AED-BE;;Aedifica SA;29.03.2023; $64,80 ; $63,50 ; $92,00 ;-30%;EUR; € 64,80 ; € 63,50 ; € 70,90 ; 18 ; $1 276,20 ; $1 166,40 ; € 1 166,40 ; € 86,99 ;2,05%;-1,79%;-€ 109,80 ;;; € 3 081 ; € 3 081 ;28,03;2,61%;0,05%;-0,05%;;
;;;;;;;;;;;;;;;;;;;;;;;;;;;;;
MDT-US;Healthcare ;Medtronic Plc;16.10.2020; $90,00 ; $89,89 ; $130,00 ;-31%;USD; € 81,16 ; € 80,83 ; € 93,50 ; 10 ; $935,05 ; $900,00 ; € 811,62 ; € 28,83 ;0,41%;-10,12%;-€ 123,43 ;0,26%;7,69%; € 115 424 ; € 104 089 ;30,28;1,82%;0,01%;-0,18%;18,96%;2,50%
BAYN-DE;;Bayer AG;05.04.2023; $26,98 ; $28,91 ; $85,00 ;-68%;EUR; € 26,98 ; € 28,91 ; € 57,41 ; 22 ; $1 263,02 ; $593,56 ; € 593,56 ; € 44,37 ;-6,68%;-49,49%;-€ 669,46 ;;; € 26 506 ; € 26 506 ;#N/A;1,33%;-0,09%;-0,66%;;
UNH-US;;UnitedHealth Group Incorporated;30.11.2020; $594,32 ; $596,88 ; $575,00 ;3%;USD; € 535,95 ; € 536,74 ; € 281,93 ; 1 ; $281,93 ; $594,32 ; € 535,95 ; € 17,91 ;-0,15%;96,46%; € 254,03 ;;; € 548 806 ; € 494 910 ;39,30;1,20%;0,00%;1,16%;;2,50%
LH-US;;Labcorp Holdings Inc.;05.03.2021; $221,13 ; $223,91 ; $313,00 ;-29%;USD; € 199,41 ; € 201,35 ; € 198,90 ; 8 ; $1 591,18 ; $1 769,04 ; € 1 595,31 ; € 11,43 ;-0,96%;0,98%; € 4,14 ;;; € 18 567 ; € 16 743 ;41,99;3,57%;-0,03%;0,03%;;2,50%
VRTX-US;;Vertex Pharmaceuticals Incorporated;01.05.2024; $485,37 ; $468,00 ; $483,23 ;0%;USD; € 437,70 ; € 420,84 ; € 393,74 ; 2 ; $787,48 ; $970,74 ; € 875,41 ; € -   ;4,01%;11,17%; € 87,93 ;;; € 125 275 ; € 112 972 ;#N/A;1,96%;0,08%;0,22%;;2,50%
IDXX-US;;IDEXX Laboratories, Inc.;08.03.2022; $500,55 ; $472,35 ; $619,51 ;-19%;USD; € 451,39 ; € 424,76 ; € 478,52 ; 1 ; $478,52 ; $500,55 ; € 451,39 ; € -   ;6,27%;-5,67%;-€ 27,12 ;;; € 41 198 ; € 37 152 ;49,62;1,01%;0,06%;-0,06%;;2,50%
NOVO.B-DK;;Novo Nordisk A/S Class B;29.11.2022; $918,50 ; $881,50 ; $680,67 ;35%;DKK; € 123,08 ; € 118,13 ; € 58,58 ; 12 ; $702,90 ; $11 022,00 ; € 1 476,93 ; € 14,59 ;4,18%;112,19%; € 774,03 ;;; € 4 053 618 ; € 543 178 ;45,62;3,30%;0,14%;3,71%;;
HCA-US;;HCA Healthcare Inc;29.11.2021; $394,68 ; $387,98 ; $297,44 ;33%;USD; € 355,92 ; € 348,89 ; € 207,33 ; 6 ; $1 243,96 ; $2 368,08 ; € 2 135,52 ; € 13,28 ;2,02%;72,74%; € 891,56 ;;; € 101 857 ; € 91 854 ;18,52;4,78%;0,10%;3,47%;;2,50%
;;;;;;;;;;;;;;;;;;;;;;;;;;;;;
DHL-DE;Industrials;Deutsche Post AG;16.10.2020; $ 39,81 ; $ 38,47 ; $ 59,10 ;-33%;EUR; € 39,81 ; € 38,47 ; € 41,45 ; 9 ; $ 373,05 ; $ 358,29 ; € 358,29 ; € 69,27 ;3,48%;14,61%;-€ 14,76 ;0,38%;4,81%; € 46 529 ; € 46 529 ;14,34;0,80%;0,03%;0,12%;10,29%;2,50%
CMI-US;;Cummins Inc.;31.05.2023; $ 302,13 ; $ 293,21 ; $ 260,00 ;16%;USD; € 272,46 ; € 263,67 ; € 192,42 ; 3 ; $ 577,25 ; $ 906,39 ; € 817,38 ; € 6,47 ;3,33%;42,72%; € 240,13 ;;; € 41 406 ; € 37 340 ;21,89;1,83%;0,06%;0,78%;;
EOAN-DE;;E.ON SE;23.02.2021; € 13,54 ; € 13,29 ; € 12,00 ;13%;EUR; € 13,54 ; € 13,29 ; € 8,59 ; 100 ; € 858,80 ; € 1 354,00 ; € 1 354,00 ; € 112,65 ;1,88%;70,78%; € 495,20 ;;; € 35 362 ; € 35 362 ;19,86;3,03%;0,06%;2,14%;;2,50%
CRH-GB;;CRH public limited company;12.05.2021; € 66,46 ; € 64,26 ; € 50,00 ;33%;GBP; € 78,83 ; € 76,16 ; € 40,79 ; 10 ; € 407,95 ; € 664,60 ; € 788,33 ; € 22,55 ;3,51%;98,77%; € 380,38 ;;; € 45 377 ; € 53 826 ;19,10;1,76%;0,06%;1,74%;;2,50%
APD-US;;Air Products and Chemicals, Inc.;29.11.2021; € 284,13 ; € 268,71 ; € 300,00 ;-5%;USD; € 256,23 ; € 241,63 ; € 261,31 ; 5 ; € 1 306,55 ; € 1 420,65 ; € 1 281,13 ; € 37,65 ;6,04%;0,94%;-€ 25,42 ;;; € 63 166 ; € 56 963 ;24,69;2,87%;0,17%;0,03%;;2,50%
;;;;;;;;;;;;;;;;;;;;;;;;;;;;;
DTE-DE;Technology, Media and Telecom;Deutsche Telekom AG;16.10.2020; $26,82 ; $26,02 ; $26,00 ;3%;EUR; € 26,82 ; € 26,02 ; € 13,98 ; 31 ; $433,23 ; $831,42 ; € 831,42 ; € 173,77 ;3,07%;132,02%; € 398,20 ;1,48%;14,89%; € 133 527 ; € 133 527 ;26,83;1,86%;0,06%;2,46%;27,49%;2,50%
ASML-NL;;ASML Holding NV;15.03.2023; € 734,00 ; € 681,00 ; € 700,00 ;5%;EUR; € 734,00 ; € 681,00 ; € 570,60 ; 2 ; € 1 141,20 ; € 1 468,00 ; € 1 468,00 ; € 17,59 ;7,78%;30,18%; € 326,80 ;;; € 288 772 ; € 288 772 ;42,82;3,28%;0,26%;0,99%;;2,50%
NFLX-US;;Netflix, Inc.;16.10.2020; $697,06 ; $665,77 ; $576,00 ;21%;USD; € 628,60 ; € 598,69 ; € 467,22 ; 3 ; $1 401,67 ; $2 091,18 ; € 1 885,81 ; € -   ;5,00%;34,54%; € 484,14 ;;; € 299 154 ; € 269 775 ;43,56;4,22%;0,21%;1,46%;;2,50%
SAP-DE;;SAP SE;23.02.2021; € 200,65 ; € 190,72 ; € 128,00 ;57%;EUR; € 200,65 ; € 190,72 ; € 101,60 ; 4 ; € 406,40 ; € 802,60 ; € 802,60 ; € 42,57 ;5,21%;107,97%; € 396,20 ;;; € 234 058 ; € 234 058 ;92,85;1,80%;0,09%;1,94%;;2,50%
992-HK;;Lenovo Group Limited;28.09.2021; $9,23 ; $9,31 ; $13,39 ;-31%;HKD; € 1,07 ; € 1,07 ; € 0,94 ; 2 000 ; $1 879,26 ; $18 460,00 ; € 2 134,51 ; € 93,00 ;-0,65%;18,53%; € 255,25 ;;; € 114 495 ;#N/A;13,28;4,77%;-0,03%;0,88%;;5,48%
SONY-US;;Sony Group Corporation Sponsored ADR;05.12.2022; $93,44 ; $90,05 ; $135,54 ;-31%;USD; € 84,26 ; € 80,98 ; € 77,44 ; 10 ; $774,37 ; $934,40 ; € 842,64 ; € -   ;4,06%;8,82%; € 68,27 ;;; € 113 787 ; € 102 612 ;17,37;1,88%;0,08%;0,17%;;NA
META-US;;Meta Platforms Inc Class A;22.11.2021; $524,62 ; $500,27 ; $439,37 ;19%;USD; € 473,10 ; € 449,86 ; € 310,21 ; 5 ; $1 551,04 ; $2 623,10 ; € 2 365,50 ; € -   ;5,17%;52,51%; € 814,46 ;;; € 1 327 193 ; € 1 196 855 ;26,78;5,29%;0,27%;2,78%;;4,11%
DELL-US;;Dell Technologies, Inc. Class C;11.02.2022; $114,30 ; $102,00 ; $69,80 ;64%;USD; € 103,08 ; € 91,72 ; € 53,44 ; 19 ; $1 015,29 ; $2 171,70 ; € 1 958,43 ; € 35,95 ;12,38%;96,43%; € 943,13 ;;; € 80 283 ; € 72 398 ;21,02;4,38%;0,54%;4,22%;;2,50%
;;;;;;;;;;;;;;;;;;;;;;;;;;;;;
EMSM-GB;ETFs;SPDR MSCI Emerging Markets Small Cap UCITS ETF;07.11.2023; $91,70 ; $89,54 ;;;GBP; € 108,77 ; € 106,12 ; € 98,33 ; 11 ; $1 081,63 ; $1 008,65 ; € 1 196,43 ; € -   ;2,50%;10,61%; € 114,80 ;0,07%;0,28%;#N/A;#N/A;#N/A;2,68%;0,07%;0,28%;2,68%;
;;;;;;;;;;;;;;;;;;;;;;;;;;;;;
;CASH;;;;;;;EUR;;;;; € 1 013,56 ;; € 840,17 ;;;;;;;;;;1,88%;;;1,88%;
;Total;34;;;;;;;;;;;;; € 45 904,76 ;;;; € 10 535,59 ;3,07%;44,78%;;;;100,32%;;;100,32%;
;;;;;;;;;;;;;;;;;;;;;;;;;;;;;
;;;Portfolio Elements;;;;Currency Exposure;;;;;;;;Stock Indices;;;;;;;;;;;;;;
;;2;Element;Value;;;Currency;Exchange Rate;Current;Last Week;Change;Weight;;;Stock Index;Current;Last Week;% Change (Meeting);;;;;;;;;;;
;;#FIELD!;Investments; € 43 868,16 ;;;EUR;EUR; € 1,00 ; € 1,00 ;0,00%;24,1%;;;Sigma; € 14,86 ; € 13,30 ;11,71%;;;;;;;;;;;
;;;Cash; € 840,17 ;;;USD;USD; € 1,11 ; € 1,11 ;-0,28%;61,3%;;SP50;S&P 500; $5 626,02 ; $5 408,42 ;4,02%;;;;;;;;;;;
;;;Portfolio Value; € 44 708,33 ;;;GBP;GBP; € 0,84 ; € 0,84 ;-0,08%;9,2%;36,6%;183660;STOXX Europe 600; € 515,95 ; #Calc ;#VALUE!;;;;;;;;;;;
;;;;;;;CHF;CHF; € 0,94 ; € 0,94 ;0,40%;0,0%;97,9%;187653;Germany DAX (TR); $18 699,40 ; $18 301,90 ;2,17%;;;;;;;;;;;
;;;Shares Outstanding;3009,2;;;NOK;NOK; € 11,80 ; € 11,85 ;-0,35%;0,0%;;;;;;;;;;;;;;;;;
;;;Share Price; € 14,86 ;;;SEK;SEK; € 11,31 ; € 11,39 ;-0,69%;0,0%;;;;;;;;;;;;;;;;;
;;;;;;;CAD;CAD; € 1,51 ; € 1,51 ;0,05%;0,0%;;;;;;;;;;;;;;;;;
;;;;;;;DKK;DKK; € 7,46 ; € 7,46 ;0,01%;3,3%;;;;;;;;;;;;;;;;;
;;;;;;;HKD;HKD; € 8,65 ; € 8,67 ;-0,21%;4,8%;;;;;;;;;;;;;;;;;
;;;;;;;Cash;;;;;1,9%;;;;;;;;;;;;;;;;;
;;;;;;;;;;;;=;;;;;;;;;;;;;;;;;
;;;;;;;;;;;;;;;;;;;;;;;;;;;;;
;;;;;;;;eur;;;;;;;;;;;;;;;;;;;;;
;;;;;;;;;;;;;;;;;;;;;;;;;;;;;
;;;;;;;;;;;;;;;;;;;;;;;;;;;;;
;;;;;;;;;;;;;;;;;;;;;;;;;;;;;
;;;;;;;;;;;;;;;;;;;;;;;;;;;;;
;;;;;;;;;;;;;;;;;;;;;;;;;;;;;
;;;;;;;;;;;;;;;;;;;;;;;;;;;;;
;;;;;;;;;;;;;;;;;;;;;;;;;;;;;
;;;;;;;;;;;;;;;;;;;;;;;;;;;;;
;;;;;;;;;;;;;;;;;;;;;;;;;;;;;
;;;;;;;;;;;;;;;;;;;;;;;;;;;;;
;;;;;;;;;;;;;;;;;;;;;;;;;;;;;
;;;;;;;;;;;;;;;;;;;;;;;;;;;;;
;;;;;;;;;;;;;;;;;;;;;;;;;;;;;
;;;;;;;;;;;;;;;;;;;;;;;;;;;;;