Stock,Incremental VaR
AD.AS,0.0008507588493003176
KER.PA,0.0016908594392621781
LOW,-0.00043852867202813506
TGT,-0.0005256462608733622
WBD,-0.00026399673599899337
MA,-0.00015235524873744022
ALV.F,-2.4032216705438536e-05
SPGI,0.0012869772435811014
KKR,-0.0010058009330062498
BARC.L,-0.00408145859543705
LSEG.L,0.001434663040389715
EQIX,0.0005107520382882716
SLG,-0.0002593844724280217
PLD,-0.0006521291857994674
AMT,-0.0007007434371587989
MDT,0.00048806681841673943
UNH,0.0004468424825121928
LH,0.00019681169251026948
TMO,0.0008107161913934943
VRTX,0.0007649681324305088
REGN,0.0011411270394405051
IDXX,-8.622243210779784e-05
TDOC,-0.0017199334128533278
HCA,0.00041636528639334147
DPW.F,0.00011183191975917134
MG,0.0003227322466989452
EOAN.F,0.0007664906130026225
AMAT,-0.0005266725354548668
CRG.IR,-0.000686070423247559
APD,0.0004503155219460972
LPX,-0.0006836317134464934
DTE.F,0.0003912890279982942
NFLX,-0.001036804358591395
ETN,9.219538661543736e-06
NVDA,-0.000946538323825831
SAPA.F,0.0005595342508769169
TCEHY,0.00041235532537547276
GOOG,-0.0008392697065867372
0992.HK,-0.0016831547210632708
META,-0.0007446048085964219
DELL,-0.00021390680471961715
