Sector,Buying Date,Share Price,Target Price,"Deviation from
 Target Price",Currency,Current in €,Last Meeting,Initial,Shares,Initial Value,Total Value,Total Value in €,Total Dividends,Last Meeting Change,Total Return,Value Added,Weekly Return per Industry,Total Return per Industry,Market Cap,Market Cap in € (B),P/E ratio,Weight in Portofolio ,Weight Industry,Optimization Weight (Risk Team),Ticker,Exchange
Consumer Goods,16/10/2020,27.595,30.21,-0.086560741,EUR,27.595,27.75,25.34,40,1013.6,1103.8,1103.8,61.54,-0.005585586,0.149704025,90.2,0.000133695,-0.003256276,28856780000,28.85678,11.6653,0.020562411,0.098705455,0.025,AD,XAMS
Consumer Goods,06/06/2021,540.4,765,-0.293594771,EUR,540.4,543.6,600.1,4,2400.4,2161.6,2161.6,52.17,-0.005886681,-0.077749542,-238.8,0.000133695,-0.003256276,68774950000,68.77495,18.1789,0.0402679,0.098705455,0.025,KER,XPAR
Consumer Goods,08/03/2022,208.4,259.52,-0.196979038,USD,201.8597443,197.3724884,209.32,3,627.96,625.2,605.5792329,5.95,0.022734961,-0.026165309,-22.38076714,0.000133695,-0.003256276,1.30304E+11,126.2143549,20.4347,0.011281182,0.098705455,0.025,LOW,XNYS
Consumer Goods,18/11/2022,162.01,186.5,-0.131313673,USD,156.9256102,156,156,7,1100.74,1134.07,1098.479272,5.95,0.005933399,0.005933399,6.4792716,0.000133695,-0.003256276,74967580000,72.61485858,18.4963,0.020463292,0.098705455,-1,TGT,XNYS
Consumer Goods,22/09/2021,10.96,54.22,-0.797860568,USD,10.61604029,10.43276662,20.99,31,650.69,339.76,329.0972491,5.95,0.017567122,-0.49423343,-321.5927509,0.000133695,-0.003256276,26153820000,25.33302983,7.2262,0.006130669,0.098705455,0.025,WBD,XNAS
Financial Services,16/10/2020,341.27,345,-0.010811594,USD,330.5598605,325.8017774,296.73,1,296.73,341.27,330.5598605,2.31,0.014604227,0.121793754,33.82986052,-0.001362398,0.008305077,3.30444E+11,320.0737117,34.0925,0.006157916,0.111755371,0.025,MA,XNYS
Financial Services,16/10/2020,202.35,227,-0.108590308,EUR,202.35,200.85,163.44,4,653.76,809.4,809.4,60.08,0.00746826,0.329968184,155.64,-0.001362398,0.008305077,83304980000,83.30498,19.22,0.015078108,0.111755371,0.025,ALV,XFRA
Financial Services,26/04/2021,346.77,425,-0.184070588,USD,335.887253,334.4377898,321.126,5,1605.63,1733.85,1679.436265,12.8,0.004334029,0.053939117,73.80626501,-0.001362398,0.008305077,1.12684E+11,109.1480046,28.9941,0.031285793,0.111755371,0.025,SPGI,XNYS
Financial Services,22/09/2021,51.94,77.51,-0.329892917,USD,50.30995738,54.46290572,54.64,17,928.88,882.98,855.2692755,6.63,-0.076252787,-0.072109126,-73.61072453,-0.001362398,0.008305077,44640040000,43.23909337,36.7035,0.015932595,0.111755371,0.025,KKR,XNYS
Financial Services,23/02/2022,1.5666,2.11,-0.257535545,GBp,1.804630803,1.80946935,2.3,416,956.8,651.7056,750.726414,1.01,-0.002674015,-0.21432231,-206.073586,-0.001362398,0.008305077,25085960000,28.89754637,4.9264,0.013985092,0.111755371,-1,BARC,XLON
Financial Services,22/11/2021,80.36,90.28,-0.109880372,GBp,92.56998042,94.0073193,80.65,17,1371.05,1366.12,1573.689667,33,-0.015289649,0.171868033,202.6396671,-0.001362398,0.008305077,40932640000,47.1519871,49.9068,0.029315867,0.111755371,0.0632,LSEG,XLON
Real Estate,30/11/2020,639.94,840,-0.238166667,USD,619.8566447,625.9659969,588.04,3,1764.12,1919.82,1859.569934,39.1,-0.009759879,0.076270284,95.44993413,-0.001428028,-0.004359537,59910100000,58.02993026,83.7518,0.034641458,0.07380838,0.025,EQIX,XNAS
Real Estate,15/11/2021,39.93,94.27,-0.576429405,USD,38.67686943,39.19049459,66.92,13,869.96,519.09,502.7993026,45.37,-0.013105861,-0.369891371,-367.1606974,-0.001428028,-0.004359537,2568783000,2.488166408,8.4338,0.009366521,0.07380838,0.025,SLG,XNYS
Real Estate,26/04/2022,112.31,190.34,-0.409950615,USD,108.7853545,114.3160742,157.62,7,1103.34,786.17,761.4974816,7.64,-0.048380945,-0.302900754,-341.8425184,-0.001428028,-0.004359537,1.05748E+11,102.4289035,20.803,0.014185744,0.07380838,-1,PLD,XNYS
Real Estate,16/02/2022,216.34,288.39,-0.249835292,USD,209.5505618,213.3887172,202.64,4,810.56,865.36,838.2022472,11.8,-0.017986684,0.048660491,27.64224719,-0.001428028,-0.004359537,1.00538E+11,97.38299109,34.3372,0.015614658,0.07380838,-1,AMT,XNYS
Healthcare ,16/10/2020,79.94,130,-0.385076923,USD,77.43122821,79.05718702,93.86,5,469.3,399.7,387.156141,16.99,-0.020566869,-0.138832003,-82.14385897,-0.001241523,0.043970828,1.0806E+11,104.6689268,20.6715,0.007212234,0.167801993,0.025,MDT,XNYS
Healthcare ,30/11/2020,515.31,392,0.314566327,USD,499.137931,525.6665379,282.33,1,282.33,515.31,499.137931,13.02,-0.050466607,0.814040063,216.807931,-0.001241523,0.043970828,4.95205E+11,479.66389,25.2414,0.009298314,0.167801993,0.025,UNH,XNYS
Healthcare ,05/03/2021,232.97,313,-0.255686901,USD,225.6586594,234.8048686,198.6,8,1588.8,1863.76,1805.269275,7.75,-0.038952383,0.141124922,216.4692755,-0.001241523,0.043970828,20393950000,19.7539229,12.4381,0.033629905,0.167801993,0.025,LH,XNYS
Healthcare ,10/05/2021,529.89,553,-0.041790235,USD,513.2603642,502.8786708,383.1125,3,1149.3375,1589.67,1539.781093,3.57,0.020644529,0.342818008,390.4435926,-0.001241523,0.043970828,2.09919E+11,203.3308795,29.7824,0.028684192,0.167801993,0.1051,TMO,XNYS
Healthcare ,13/05/2021,309.9,553,-0.041790235,USD,300.174351,300.4540185,176.4966,3,529.4898,929.7,900.5230531,3.57,-0.000930816,0.7007373,371.0332531,-0.001241523,0.043970828,80762830000,78.22823518,24.4581,0.016775616,0.167801993,0.025,VRTX,XNAS
Healthcare ,25/10/2021,739.08,807,-0.084163569,USD,715.8853158,715.8809892,496.45,2,992.9,1478.16,1431.770632,3.57,6.04E-06,0.442008895,438.8706315,-0.001241523,0.043970828,80231320000,77.71340566,15.5909,0.026672093,0.167801993,0.025,REGN,XNAS
Healthcare ,08/03/2022,410.44,619.51,-0.337476393,USD,397.5590856,401.9126739,477.32,1,477.32,410.44,397.5590856,3.57,-0.010832175,-0.167101555,-79.76091437,-0.001241523,0.043970828,34277110000,33.20138512,52.2011,0.007406028,0.167801993,0.025,IDXX,XNAS
Healthcare ,06/05/2022,29.96,54.53,-0.450577664,USD,29.01975978,29.92658423,31.89,25,797.25,749,725.4939946,3.57,-0.030301636,-0.090004397,-71.75600542,-0.001241523,0.043970828,4661881000,4.515576327,0,0.013515044,0.167801993,-1,TDOC,XNYS
Healthcare ,29/11/2021,227.3,297.44,-0.235812265,USD,220.1666021,214.9343122,207.01,6,1242.06,1363.8,1320.999613,8.52,0.02434367,0.070414966,78.93961255,-0.001241523,0.043970828,65047460000,63.00606354,12.8353,0.024608568,0.167801993,0.025,HCA,XNYS
Industrials,16/10/2020,38.39,59.1,-0.350423012,EUR,38.39,39.535,41.45,9,373.05,345.51,345.51,20.88,-0.02896168,-0.017852835,-27.54,0.001348328,0.005285114,47933010000,47.93301,8.47,0.006436418,0.090202751,0.025,DPW,XFRA
Industrials,16/10/2020,82.1,85,-0.034117647,CAD,59.41525546,57.37919977,45.2686,9,407.4174,738.9,534.7372992,18.3,0.035484212,0.357421895,127.3198992,0.001348328,0.005285114,23814770000,17.2345998,18.41,0.009961486,0.090202751,0.025,MG,XTSE
Industrials,23/02/2021,8.912,12,-0.257333333,EUR,8.912,8.806,8.588,100,858.8,891.2,891.2,36.08,0.012037247,0.079739171,32.4,0.001348328,0.005285114,24078260000,24.07826,5.95,0.016601939,0.090202751,0.025,EOAN,XFRA
Industrials,06/06/2021,104.45,140,-0.253928571,USD,101.1720263,101.2268161,121.12,5,605.6,522.25,505.8601317,3.97,-0.000541257,-0.158140469,-99.73986827,0.001348328,0.005285114,90074390000,87.24756877,14.0436,0.00942354,0.090202751,0.025,AMAT,XNAS
Industrials,12/05/2021,37.22,140,-0.253928571,EUR,37.22,38.39,40.692,10,406.92,372.2,372.2,9.97,-0.030476687,-0.060822766,-34.72,0.001348328,0.005285114,24761090000,24.76109,16.9954,0.00693362,0.090202751,0.025,CRG,XDUB
Industrials,29/11/2021,293.3,333.74,-0.12117217,USD,284.0953119,279.7430448,261.78,5,1308.9,1466.5,1420.476559,20.97,0.015558089,0.101265612,111.5765595,0.001348328,0.005285114,65758960000,63.69523441,29.0914,0.026461698,0.090202751,0.025,APD,XNYS
Industrials,16/02/2022,61.32,114.42,-0.464079706,USD,59.39558311,56.31761978,60.9,13,791.7,797.16,772.1425804,5.69,0.054653647,-0.017516003,-19.5574196,0.001348328,0.005285114,4420742000,4.282005037,4.6029,0.014384049,0.090202751,-1,LPX,XNYS
Technology,16/10/2020,18.952,20,-0.0524,EUR,18.952,18.918,13.975,111,1551.225,2103.672,2103.672,137.64,0.00179723,0.444865832,552.447,0.005606375,-0.002401329,96398220000,96.39822,12.89,0.039188773,0.186680226,0.025,DTE,XFRA
Technology,16/10/2020,295.28,576,-0.487361111,USD,286.0131732,265.62017,479.8003072,3,1439.400922,885.84,858.0395196,137.64,0.076775055,-0.403891225,-581.3614021,0.005606375,-0.002401329,1.28157E+11,124.1350252,27.8409,0.015984201,0.186680226,0.025,NFLX,XNAS
Technology,16/10/2020,162.63,120,0.35525,USD,157.5261527,156.6170788,94.04,4,376.16,650.52,630.1046106,51.94,0.005804436,0.813176868,253.9446106,0.005606375,-0.002401329,65624480000,63.56497482,28.4679,0.011738059,0.186680226,0.025,ETN,XNYS
Technology,16/10/2020,156.77,137.25,0.142222222,USD,151.8500581,152.1445131,119.95,3,359.85,470.31,455.5501744,1.26,-0.001935364,0.269446087,95.70017435,0.005606375,-0.002401329,3.83684E+11,371.642871,66.6817,0.008486329,0.186680226,0.058,NVDA,XNAS
Technology,23/02/2021,107.02,128,-0.16390625,EUR,107.02,106,101.6,4,406.4,428.08,428.08,7.22,0.009622642,0.071112205,21.68,0.005606375,-0.002401329,1.33841E+11,133.8405,38.95,0.007974594,0.186680226,0.025,SAPA,XFRA
Technology,24/09/2021,39.12,100.72,-0.611596505,USD,37.89228981,32.26429675,50.13,18,902.34,704.16,682.0612166,22.54,0.174434084,-0.219139995,-220.2787834,0.005606375,-0.002401329,2.75747E+12,2670.935684,19.58,0.012705946,0.186680226,0.025,TCEHY,OTCM
Technology,30/09/2021,98.5,216.12,-0.544234684,USD,95.4087563,90.9679289,137.5,20,2750,1970,1908.175126,0,0.048817506,-0.306118136,-841.8248741,0.005606375,-0.002401329,1.26329E+12,1223.641999,19.5571,0.035546912,0.186680226,0.025,GOOG,XNAS
Technology,28/09/2021,6.65,13.39,-0.503360717,HKD,0.823549809,0.818570707,0.94,2000,1880,13300,1647.099619,93,0.006082679,-0.074415097,-232.9003814,0.005606375,-0.002401329,79196690000,9.807882548,4.63,0.030683402,0.186680226,0.0548,992,XHKG
Technology,22/11/2021,111.45,439.37,-0.746341352,USD,107.9523441,108.0660742,310.45,5,1552.25,557.25,539.7617203,93,-0.001052413,-0.652271399,-1012.48828,0.005606375,-0.002401329,2.97106E+11,287.7818675,10.6318,0.010055085,0.186680226,0.0411,META,XNAS
Technology,11/02/2022,41.76,69.8,-0.401719198,USD,40.4494382,40.30139104,53.3,19,1012.7,793.44,768.5393258,12.85,0.0036735,-0.228409869,-244.1606742,0.005606375,-0.002401329,30813640000,29.84660984,5.6247,0.014316925,0.186680226,0.025,DELL,XNYS
