Date,AD.AS,KER.PA,LOW,TGT,WBD,MA,ALV.F,SPGI,KKR,BARC.L,LSEG.L,EQIX,SLG,PLD,AMT,MDT,UNH,LH,TMO,VRTX,REGN,IDXX,TDOC,HCA,DPW.F,MG,EOAN.F,AMAT,CRG.IR,APD,LPX,DTE.F,NFLX,ETN,NVDA,SAPA.F,TCEHY,GOOG,0992.HK,META,DELL
2022-05-24,24.647045135498047,446.8999938964844,182.58349609375,148.0871124267578,16.860000610351562,339.62066650390625,197.97999572753906,348.39178466796875,49.700233459472656,160.6225128173828,7278.53955078125,665.6510620117188,58.78257369995117,118.4697494506836,255.12828063964844,103.95436096191406,494.2410888671875,247.7299346923828,548.2044067382812,268.4800109863281,686.02001953125,362.1600036621094,30.8700008392334,203.57284545898438,37.32500076293945,5.420000076293945,9.850000381469727,105.80115509033203,36.88274383544922,233.5977020263672,63.07754898071289,18.631999969482422,180.33999633789062,132.42259216308594,161.45787048339844,91.30000305175781,42.040000915527344,105.9260025024414,6.991840839385986,181.27999877929688,40.17718505859375
2022-05-25,24.927349090576172,452.1000061035156,186.4701385498047,154.47674560546875,17.229999542236328,343.67791748046875,198.75999450683594,345.2044372558594,50.30669403076172,161.70794677734375,7298.46435546875,680.2361450195312,59.896751403808594,118.42041778564453,256.87506103515625,103.90513610839844,494.767578125,245.9899139404297,533.6707763671875,270.8399963378906,690.8800048828125,367.8599853515625,31.65999984741211,204.96475219726562,37.744998931884766,5.460000038146973,9.923999786376953,107.99021911621094,37.687347412109375,233.20315551757812,65.7669677734375,18.77199935913086,187.8300018310547,132.66995239257812,169.6636962890625,91.81999969482422,42.56999969482422,105.8395004272461,6.8210768699646,183.8300018310547,42.55557632446289
2022-05-26,25.06995964050293,467.70001220703125,193.37315368652344,161.17251586914062,17.979999542236328,348.7918395996094,197.89999389648438,350.8382263183594,54.12443923950195,165.4575653076172,7362.22412109375,663.857666015625,59.91596221923828,120.71916961669922,251.34854125976562,97.89962768554688,498.8799743652344,248.7242431640625,539.5042114257812,269.6499938964844,683.4400024414062,384.9200134277344,33.45000076293945,210.5620880126953,38.09000015258789,5.800000190734863,9.902000427246094,114.49768829345703,38.104549407958984,239.19056701660156,69.08162689208984,18.850000381469727,191.39999389648438,134.8468017578125,178.41925048828125,91.37000274658203,44.029998779296875,108.2959976196289,6.896971702575684,191.6300048828125,43.17474365234375
2022-05-27,25.320758819580078,489.0,197.42791748046875,165.06356811523438,18.760000228881836,356.65704345703125,200.4499969482422,358.9704284667969,55.71516418457031,168.12179565429688,7529.59228515625,687.3206176757812,60.44784927368164,125.553466796875,257.5362548828125,97.54520416259766,503.7273864746094,256.4002380371094,571.7080078125,273.7300109863281,692.7999877929688,398.6099853515625,35.77000045776367,214.30030822753906,38.29499816894531,5.880000114440918,9.720000267028809,118.8857650756836,38.48698425292969,247.23951721191406,70.09387969970703,19.100000381469727,195.19000244140625,138.34959411621094,188.01437377929688,92.70999908447266,43.86000061035156,112.79900360107422,7.115170478820801,195.1300048828125,48.72761154174805
2022-05-30,25.301088333129883,505.29998779296875,,,,,199.83999633789062,,,168.95065307617188,7559.4794921875,,,,,,,,,,,,,,38.939998626708984,,9.62600040435791,,38.675724029541016,,,18.95599937438965,,,,96.33999633789062,,,7.200552463531494,,
2022-05-31,25.281417846679688,509.70001220703125,193.14569091796875,159.86891174316406,18.450000762939453,356.7467346191406,195.94000244140625,347.86212158203125,54.49229431152344,166.81927490234375,7374.1787109375,680.791015625,59.62733459472656,125.77052307128906,252.7696533203125,98.5986328125,493.46630859375,245.3137969970703,566.9334106445312,268.6499938964844,664.739990234375,391.6199951171875,34.09000015258789,209.18016052246094,38.619998931884766,5.789999961853027,9.5,116.70664978027344,38.3677864074707,242.8106231689453,68.53579711914062,19.11199951171875,197.44000244140625,137.14242553710938,186.6250762939453,93.63999938964844,45.540000915527344,114.03900146484375,7.342855453491211,193.63999938964844,49.0814208984375
2022-06-01,25.040454864501953,509.79998779296875,189.6051788330078,154.57550048828125,17.65999984741211,355.9393005371094,195.05999755859375,330.4729919433594,54.14432144165039,165.57598876953125,7117.1484375,672.775146484375,58.04422378540039,124.17223358154297,249.24647521972656,96.26534271240234,489.2645263671875,244.379150390625,555.5960693359375,269.4100036621094,658.9199829101562,369.6300048828125,32.619998931884766,205.7501678466797,37.70500183105469,5.710000038146973,9.529999732971191,113.8907241821289,37.7469482421875,240.19667053222656,68.29762268066406,19.15999984741211,192.91000366210938,136.27166748046875,183.1068572998047,93.37000274658203,45.310001373291016,114.13700103759766,7.238500118255615,188.63999938964844,49.79887008666992
2022-06-02,25.202735900878906,520.5,193.96653747558594,158.9109649658203,18.0,361.9403991699219,195.3000030517578,341.451904296875,56.02336502075195,,,688.2717895507812,58.05387496948242,127.8028793334961,258.9178771972656,96.97418975830078,488.97650146484375,247.3719940185547,569.4605102539062,270.04998779296875,630.7000122070312,386.3399963378906,36.029998779296875,209.95562744140625,37.81999969482422,5.920000076293945,9.494000434875488,116.74644470214844,,249.4095916748047,71.30461883544922,19.101999282836914,205.08999633789062,139.33908081054688,195.82040405273438,92.37999725341797,46.810001373291016,117.74600219726562,7.086709022521973,198.86000061035156,50.39838409423828
2022-06-03,25.197818756103516,521.0,193.2940216064453,159.03933715820312,17.5,356.6969299316406,195.60000610351562,334.37481689453125,54.99934005737305,,,672.2202758789062,56.50937271118164,125.86917877197266,263.2305908203125,94.0009765625,482.3708190917969,242.26129150390625,557.4739990234375,269.44000244140625,630.3499755859375,372.6300048828125,34.529998779296875,206.38645935058594,37.900001525878906,5.699999809265137,9.685999870300293,114.38823699951172,,248.83749389648438,71.48324584960938,19.11400032043457,198.97999572753906,138.8740234375,187.10482788085938,92.62999725341797,45.9900016784668,114.56400299072266,,190.77999877929688,50.142852783203125
2022-06-06,25.502710342407227,526.0999755859375,194.5994873046875,157.68637084960938,16.850000381469727,359.0096435546875,198.8800048828125,337.072265625,56.182437896728516,169.0887908935547,7300.45703125,686.0126342773438,56.23908615112305,126.15528869628906,263.852294921875,94.01081085205078,486.91033935546875,240.60081481933594,552.2598876953125,268.0,609.030029296875,372.2200012207031,34.61000061035156,203.6325225830078,38.66999816894531,5.71999979019165,9.649999618530273,114.42803192138672,38.635986328125,253.947021484375,73.63677978515625,19.20800018310547,197.13999938964844,139.87339782714844,187.76451110839844,91.77999877929688,46.70000076293945,117.010498046875,7.314394950866699,194.25,49.17970275878906
2022-06-07,25.276500701904297,525.0,193.49180603027344,154.04220581054688,17.170000076293945,362.87744140625,196.82000732421875,342.8653259277344,56.61989212036133,166.76007080078125,7099.21630859375,685.2100830078125,56.98237228393555,127.94100952148438,262.6581726074219,94.97563171386719,493.7841796875,244.0908203125,560.0311279296875,271.8599853515625,613.97998046875,376.7900085449219,34.81999969482422,206.31686401367188,38.255001068115234,6.269999980926514,9.640000343322754,115.0947036743164,38.31315231323242,257.2415466308594,72.55506134033203,19.11400032043457,198.61000061035156,143.8808135986328,189.1637725830078,96.44999694824219,47.83000183105469,117.22949981689453,7.38080358505249,195.64999389648438,50.2706184387207
2022-06-08,25.2224063873291,523.0,190.32713317871094,154.75326538085938,16.670000076293945,361.1927490234375,192.3000030517578,337.1220397949219,54.53206253051758,166.32591247558594,7071.3212890625,662.5299072265625,55.235164642333984,123.09684753417969,260.9903564453125,94.55229949951172,490.2380065917969,236.00714111328125,551.4407958984375,274.5400085449219,607.760009765625,371.9700012207031,35.439998626708984,204.5372314453125,36.98500061035156,6.380000114440918,9.600000381469727,111.90067291259766,37.56317901611328,248.94598388671875,69.93509674072266,18.579999923706055,202.8300018310547,142.96058654785156,186.42459106445312,94.68000030517578,51.45000076293945,117.23799896240234,7.38080358505249,196.63999938964844,49.464717864990234
2022-06-09,24.937185287475586,515.0,192.13693237304688,152.62998962402344,15.630000114440918,347.90460205078125,188.5399932861328,334.87249755859375,52.86179733276367,163.7209014892578,7083.2763671875,652.3837890625,51.77934265136719,120.5317153930664,256.7862548828125,91.75628662109375,486.16534423828125,228.4802703857422,539.2145385742188,259.70001220703125,575.47998046875,359.70001220703125,33.279998779296875,200.09315490722656,35.779998779296875,6.690000057220459,9.550000190734863,106.70663452148438,37.33470916748047,250.16909790039062,67.51361083984375,18.474000930786133,192.77000427246094,141.00140380859375,180.42637634277344,91.9000015258789,49.189998626708984,114.91799926757812,7.323882102966309,184.0,49.484371185302734
2022-06-10,24.98636245727539,510.3999938964844,184.27462768554688,147.81060791015625,14.859999656677246,333.6993408203125,183.89999389648438,331.2195129394531,50.75408935546875,157.68202209472656,7025.494140625,643.2186279296875,51.10362243652344,115.6678237915039,247.71681213378906,91.30341339111328,481.3973693847656,223.29005432128906,526.2890625,254.8800048828125,571.8099975585938,345.8900146484375,31.739999771118164,195.5794677734375,35.154998779296875,6.630000114440918,9.531999588012695,101.373291015625,35.040096282958984,244.82286071777344,64.198974609375,18.100000381469727,182.94000244140625,135.58892822265625,169.6895751953125,90.16000366210938,49.45000076293945,111.42749786376953,7.35234260559082,175.57000732421875,48.3148307800293
2022-06-13,24.932268142700195,495.6000061035156,179.2605438232422,143.010986328125,14.029999732971191,318.7364501953125,183.25999450683594,320.86761474609375,46.48895263671875,154.01132202148438,6840.193359375,610.6301879882812,47.319602966308594,106.9759750366211,236.88087463378906,88.77322387695312,466.56695556640625,215.23622131347656,511.3358459472656,245.38999938964844,549.2999877929688,336.20001220703125,28.6299991607666,184.69296264648438,34.39500045776367,6.360000133514404,9.26200008392334,95.8409423828125,33.78351593017578,239.38783264160156,60.050697326660156,17.760000228881836,169.69000244140625,131.452880859375,156.42352294921875,85.5,46.720001220703125,106.87650299072266,7.115170478820801,164.25999450683594,46.43766784667969
2022-06-14,24.784740447998047,491.29998779296875,175.97718811035156,140.92718505859375,13.979999542236328,321.12890625,182.3000030517578,315.96044921875,46.82698059082031,1.5468230247497559,6712.67431640625,612.8397216796875,47.43544006347656,109.17607116699219,231.41355895996094,87.10940551757812,458.66998291015625,212.64108276367188,507.1780700683594,249.0800018310547,548.3499755859375,328.989990234375,29.270000457763672,178.24058532714844,34.66999816894531,6.28000020980835,9.079999923706055,96.13945007324219,33.77358627319336,235.96505737304688,60.06061935424805,17.802000045776367,167.5399932861328,129.1473846435547,158.31295776367188,88.23999786376953,47.849998474121094,107.19400024414062,7.181578636169434,163.72999572753906,46.53594970703125
2022-06-15,24.98636245727539,504.0,177.03536987304688,145.60830688476562,14.850000381469727,324.36871337890625,186.36000061035156,319.85235595703125,48.40776824951172,158.62928771972656,7061.35888671875,635.3712158203125,48.95097732543945,114.36309051513672,238.23289489746094,87.9659194946289,461.2327575683594,217.71202087402344,514.484130859375,253.50999450683594,561.1900024414062,333.94000244140625,30.959999084472656,181.20262145996094,35.57500076293945,6.360000133514404,9.119999885559082,96.93547058105469,33.98218536376953,236.03408813476562,59.33616256713867,18.17799949645996,180.11000061035156,129.63223266601562,165.2209014892578,88.0199966430664,48.689998626708984,110.3905029296875,6.915945529937744,169.35000610351562,47.08631896972656
2022-06-16,24.966690063476562,489.1499938964844,169.7169952392578,141.1148223876953,13.649999618530273,307.8108215332031,184.10000610351562,314.5669250488281,44.79880905151367,151.60365295410156,7226.73486328125,612.7604370117188,46.460472106933594,111.08393859863281,232.48480224609375,86.04613494873047,454.66339111328125,216.8966827392578,504.61944580078125,250.9600067138672,556.75,327.3699951171875,29.09000015258789,171.09979248046875,34.58000183105469,6.03000020980835,8.534000396728516,89.14441680908203,33.71895217895508,231.90110778808594,53.62981033325195,17.74799919128418,173.35000610351562,124.78376770019531,155.96365356445312,87.25,46.189998626708984,106.63600158691406,6.76415491104126,160.8699951171875,45.101051330566406
2022-06-17,24.602787017822266,481.8500061035156,170.56752014160156,137.56944274902344,14.220000267028809,309.7148132324219,183.3000030517578,318.4488830566406,44.918113708496094,153.8534393310547,7103.201171875,627.0086059570312,47.34856033325195,109.66297149658203,234.46038818359375,86.85343170166016,450.64599609375,224.93063354492188,500.6315612792969,263.0899963378906,580.9500122070312,328.04998779296875,30.670000076293945,172.6356658935547,35.275001525878906,6.010000228881836,8.784000396728516,89.38322448730469,33.76365280151367,232.75927734375,53.75881576538086,18.06999969482422,175.50999450683594,124.19996643066406,158.75282287597656,86.05000305175781,46.72999954223633,107.8655014038086,6.8210768699646,163.74000549316406,46.771820068359375
2022-06-20,24.740482330322266,484.3999938964844,,,,,186.39999389648438,,,157.99777221679688,7051.396484375,,,,,,,,,,,,,,34.9900016784668,,8.75,,32.69084167480469,,,18.530000686645508,,,,87.27999877929688,,,6.963379859924316,,
2022-06-21,24.671632766723633,494.29998779296875,170.478515625,142.90234375,14.039999961853027,316.4037780761719,185.10000610351562,318.5384521484375,46.10121536254883,158.29379272460938,7139.06591796875,634.31103515625,46.59562301635742,111.65033721923828,245.06309509277344,87.3358383178711,478.8175964355469,228.23170471191406,513.2647705078125,270.1700134277344,587.6699829101562,332.0299987792969,31.510000228881836,173.40359497070312,35.35499954223633,6.010000228881836,8.765999794006348,94.69666290283203,32.57660675048828,237.73068237304688,54.25502395629883,18.25,170.91000366210938,124.81344604492188,165.6107940673828,87.5,48.18000030517578,112.01499938964844,7.04876184463501,157.0500030517578,48.38362503051758
2022-06-22,24.061851501464844,487.8999938964844,171.68505859375,139.0606689453125,13.970000267028809,315.15771484375,183.82000732421875,323.6646423339844,45.55440139770508,159.20159912109375,7310.41943359375,651.9181518554688,45.54343032836914,114.73075866699219,250.18572998046875,87.86746978759766,488.1483154296875,231.9304962158203,518.9417114257812,272.30999755859375,586.8400268554688,333.1099853515625,32.77000045776367,176.1162872314453,35.5,6.090000152587891,8.824000358581543,93.4727783203125,32.05013656616211,237.7208251953125,53.06413650512695,18.59000015258789,178.88999938964844,124.89261627197266,163.55140686035156,86.72000122070312,47.38999938964844,112.03399658203125,6.868510723114014,155.85000610351562,47.77428436279297
2022-06-23,23.806135177612305,490.0,174.3849334716797,144.9861297607422,14.119999885559082,315.76580810546875,180.24000549316406,332.1949462890625,46.12110137939453,152.03782653808594,7435.94580078125,671.2095947265625,46.16122817993164,117.49320220947266,256.44012451171875,87.9666748046875,498.2466125488281,238.25425720214844,540.3102416992188,283.5,607.3900146484375,355.6199951171875,35.88999938964844,176.96401977539062,34.915000915527344,6.039999961853027,8.739999771118164,92.8160629272461,32.1395378112793,238.7664031982422,51.3571891784668,18.601999282836914,181.7100067138672,125.5555648803711,162.20179748535156,87.94999694824219,48.0,112.68450164794922,6.944406509399414,158.75,48.196895599365234
2022-06-24,24.504436492919922,502.5,180.8231201171875,148.55126953125,14.279999732971191,329.462646484375,182.0,340.07830810546875,48.2884635925293,156.8334197998047,7571.4345703125,682.8518676757812,47.7733039855957,121.81572723388672,259.7559509277344,89.50438690185547,494.0896911621094,241.17750549316406,544.5180053710938,292.54998779296875,612.489990234375,361.4800109863281,37.16999816894531,181.8408966064453,36.14500045776367,6.309999942779541,8.668000221252441,96.87577056884766,32.81004333496094,248.6500701904297,52.170963287353516,18.851999282836914,190.85000610351562,130.44361877441406,171.20912170410156,89.98999786376953,49.18000030517578,118.53800201416016,7.04876184463501,170.16000366210938,49.38609313964844
2022-06-27,24.5683650970459,496.6499938964844,182.1879119873047,147.7513427734375,14.079999923706055,327.79791259765625,181.16000366210938,338.893798828125,48.18904495239258,156.53738403320312,7635.19384765625,679.284912109375,46.904518127441406,119.45075988769531,257.4527282714844,89.75240325927734,504.0783386230469,239.93463134765625,543.3486938476562,287.32000732421875,602.4000244140625,359.0299987792969,37.459999084472656,179.337646484375,36.57500076293945,6.289999961853027,8.552000045776367,97.12452697753906,32.88951110839844,242.83035278320312,52.45876693725586,18.760000228881836,189.13999938964844,130.8592071533203,168.639892578125,91.0999984741211,47.220001220703125,116.62249755859375,7.38080358505249,169.49000549316406,49.37626647949219
2022-06-28,24.774904251098633,503.6000061035156,172.79269409179688,142.72459411621094,13.65999984741211,317.2909851074219,182.47999572753906,331.1597900390625,48.27852249145508,157.8990936279297,7718.87841796875,662.9658813476562,46.72111129760742,118.20865631103516,251.09906005859375,88.49246978759766,506.8496398925781,234.61512756347656,535.48291015625,276.1700134277344,594.4199829101562,349.2099914550781,35.08000183105469,175.34837341308594,35.994998931884766,6.300000190734863,8.545999526977539,94.54740142822266,32.581573486328125,239.2102813720703,50.860984802246094,18.922000885009766,179.60000610351562,127.96001434326172,159.7725372314453,90.58000183105469,45.650001525878906,112.57150268554688,7.437725067138672,160.67999267578125,48.098609924316406
2022-06-29,24.553611755371094,500.6000061035156,174.15748596191406,140.13711547851562,13.170000076293945,321.5774841308594,183.60000610351562,333.2002868652344,47.07553482055664,154.6822967529297,7671.05859375,643.5455932617188,45.80881881713867,117.56275939941406,251.32740783691406,89.70279693603516,514.096923828125,238.63209533691406,535.6327514648438,280.3500061035156,597.6199951171875,358.2200012207031,34.349998474121094,175.19876098632812,36.165000915527344,5.980000019073486,8.359999656677246,91.48272705078125,32.4921760559082,239.8218536376953,51.51597595214844,18.988000869750977,178.36000061035156,125.93156433105469,155.3738250732422,88.5,46.400001525878906,112.25650024414062,7.257473945617676,163.94000244140625,46.575260162353516
2022-06-30,24.450342178344727,490.1000061035156,172.74325561523438,139.47544860839844,13.420000076293945,314.48980712890625,181.4600067138672,335.49957275390625,46.02167892456055,151.09054565429688,7603.314453125,650.9967041015625,44.83726501464844,116.90692901611328,253.7398223876953,89.03811645507812,512.0233764648438,233.0242462158203,542.9888916015625,281.7900085449219,591.1300048828125,350.7300109863281,33.209999084472656,167.6091766357422,35.88999938964844,5.940000057220459,8.065999984741211,90.52750396728516,32.780242919921875,238.79904174804688,52.01218032836914,18.902000427246094,174.8699951171875,124.66503143310547,151.5449676513672,86.33000183105469,45.38999938964844,109.37249755859375,6.953892707824707,161.25,45.415550231933594
2022-07-01,24.740482330322266,487.25,175.40357971191406,140.6111602783203,14.25,317.24114990234375,182.60000610351562,341.74053955078125,46.459129333496094,151.1694793701172,7529.59228515625,666.8599243164062,46.061424255371094,119.27189636230469,256.52947998046875,90.65518188476562,515.7816162109375,239.56674194335938,547.9761962890625,287.32000732421875,595.4000244140625,358.44000244140625,34.83000183105469,174.59039306640625,36.154998779296875,6.190000057220459,8.206000328063965,85.84092712402344,32.819976806640625,241.0531768798828,54.16571044921875,19.152000427246094,179.9499969482422,126.03052520751953,145.18685913085938,85.30999755859375,45.279998779296875,109.08100128173828,,160.02999877929688,42.00520706176758
2022-07-04,24.897844314575195,490.3999938964844,,,,,183.24000549316406,,,153.458740234375,7679.02880859375,,,,,,,,,,,,,,35.68000030517578,,8.206000328063965,,32.780242919921875,,,19.299999237060547,,,,85.63999938964844,,,6.906458854675293,,
2022-07-05,24.715892791748047,479.6499938964844,177.89578247070312,143.89981079101562,14.4399995803833,318.2579650878906,177.5800018310547,342.7259826660156,47.37379837036133,145.52529907226562,7402.07373046875,661.043701171875,46.3237419128418,120.66305541992188,254.0872802734375,89.7722396850586,503.6596374511719,238.62216186523438,544.7778930664062,288.9800109863281,596.5599975585938,366.8699951171875,38.810001373291016,172.11705017089844,35.83000183105469,5.789999961853027,7.992000102996826,85.57227325439453,31.831602096557617,238.2926025390625,53.967227935791016,18.860000610351562,185.8800048828125,125.3477783203125,149.59555053710938,85.54000091552734,43.970001220703125,113.88700103759766,6.840050220489502,168.19000244140625,42.3983268737793
2022-07-06,25.39944076538086,489.45001220703125,177.08482360839844,143.010986328125,14.270000457763672,319.16510009765625,176.83999633789062,347.4042053222656,47.06559371948242,144.91351318359375,7639.17919921875,656.4561767578125,45.22588348388672,120.69286346435547,256.3607177734375,88.90914916992188,513.6781616210938,242.489990234375,555.7420043945312,291.1600036621094,594.9000244140625,375.2200012207031,38.810001373291016,165.54473876953125,35.349998474121094,5.71999979019165,7.892000198364258,86.12948608398438,32.7305793762207,235.56182861328125,54.126014709472656,18.98200035095215,184.05999755859375,126.65389251708984,151.2550506591797,86.61000061035156,43.88999938964844,115.2135009765625,6.81158971786499,169.77000427246094,41.4744873046875
2022-07-07,25.384687423706055,505.20001220703125,179.567138671875,148.0970001220703,14.520000457763672,323.5480041503906,178.89999389648438,350.2012023925781,48.40776824951172,149.0183868408203,7553.50244140625,654.6825561523438,45.643653869628906,121.79585266113281,255.31829833984375,88.79009246826172,512.7710571289062,242.9970703125,553.4632568359375,294.1700134277344,607.4500122070312,382.5199890136719,42.220001220703125,174.1914825439453,36.46500015258789,5.989999771118164,8.086000442504883,90.29864501953125,33.38618087768555,234.17161560058594,56.21999740600586,19.239999771118164,189.27000427246094,128.22715759277344,158.53289794921875,87.61000061035156,45.31999969482422,119.30599975585938,6.7831292152404785,172.19000244140625,42.20176315307617
2022-07-08,25.955129623413086,501.0,179.62648010253906,146.15147399902344,13.989999771118164,322.53961181640625,180.1199951171875,350.84820556640625,47.274375915527344,149.94593811035156,7583.3896484375,644.5562744140625,44.72067642211914,120.8121109008789,253.1640167236328,88.77025604248047,517.0077514648438,242.5496368408203,553.4132690429688,294.2900085449219,621.5700073242188,378.45001220703125,41.810001373291016,172.1370086669922,36.42499923706055,5.940000057220459,8.184000015258789,90.73645782470703,34.185821533203125,230.58685302734375,56.23984146118164,19.22800064086914,186.97999572753906,126.47578430175781,158.3329620361328,87.44999694824219,44.63999938964844,120.16850280761719,6.7831292152404785,170.8800048828125,42.182106018066406
2022-07-11,25.832189559936523,496.1499938964844,178.1232452392578,144.57135009765625,13.65999984741211,323.6678161621094,178.6999969482422,349.9822082519531,46.996002197265625,148.99864196777344,7633.20166015625,641.3756713867188,43.56452941894531,121.0108413696289,256.1224365234375,88.24445343017578,515.3330078125,241.24710083007812,557.73095703125,294.07000732421875,614.4600219726562,369.6600036621094,38.93000030517578,168.93560791015625,35.80500030517578,5.809999942779541,8.121999740600586,88.17924499511719,33.95238494873047,232.45370483398438,56.47801971435547,19.173999786376953,177.33999633789062,126.5054702758789,151.47499084472656,86.55999755859375,42.90999984741211,116.52249908447266,6.735694408416748,162.8800048828125,41.749671936035156
2022-07-12,25.935461044311523,504.8999938964844,179.00341796875,142.7640838623047,13.949999809265137,322.3399353027344,179.3000030517578,344.44793701171875,46.39947509765625,150.12353515625,7700.94580078125,622.4904174804688,45.0704345703125,120.1463394165039,253.6405487060547,87.98652648925781,512.8109130859375,238.54261779785156,530.6454467773438,290.010009765625,610.0900268554688,362.4599914550781,39.81999969482422,169.6536865234375,36.095001220703125,5.960000038146973,8.071999549865723,88.2886962890625,34.31991958618164,230.3087921142578,56.944454193115234,19.25,174.4499969482422,125.54566955566406,150.77520751953125,85.25,43.040000915527344,114.84950256347656,6.697746753692627,163.27000427246094,42.30987548828125
2022-07-13,25.502710342407227,500.0,180.35830688476562,143.63314819335938,14.180000305175781,322.84912109375,176.67999267578125,340.4366149902344,45.902374267578125,147.24224853515625,7645.15625,620.1520385742188,43.807411193847656,119.9972915649414,254.0674285888672,87.21271514892578,499.6721496582031,238.92042541503906,522.8696899414062,288.7300109863281,602.02001953125,363.3299865722656,40.099998474121094,168.85581970214844,36.02000045776367,5.96999979019165,8.055999755859375,88.63694763183594,33.748748779296875,226.39634704589844,57.18263244628906,19.24799919128418,176.55999755859375,124.39787292480469,151.59495544433594,83.41999816894531,42.47999954223633,112.18699645996094,6.688260555267334,163.49000549316406,42.3983268737793
2022-07-14,25.202735900878906,496.75,180.64512634277344,144.4725799560547,13.630000114440918,324.5064697265625,170.82000732421875,343.5720520019531,45.56434631347656,143.6110076904297,7597.3369140625,606.3200073242188,43.525665283203125,117.38389587402344,254.65316772460938,86.81587982177734,500.8584289550781,238.99998474121094,525.3483276367188,286.1499938964844,598.8599853515625,366.05999755859375,39.18000030517578,167.04071044921875,35.69499969482422,5.829999923706055,7.946000099182129,91.21406555175781,33.555049896240234,220.4283447265625,56.52764129638672,18.857999801635742,174.77999877929688,123.72502136230469,153.67433166503906,82.95999908447266,41.61000061035156,111.44000244140625,6.8210768699646,158.0500030517578,41.96589279174805
2022-07-15,25.51254653930664,496.8999938964844,182.9593048095703,144.84786987304688,13.960000038146973,332.0343322753906,172.52000427246094,347.8322448730469,47.96038055419922,148.30792236328125,7521.62255859375,614.0682983398438,44.574947357177734,120.24571228027344,255.3381805419922,88.41311645507812,528.0929565429688,243.1163787841797,538.5812377929688,292.8399963378906,607.5399780273438,370.1400146484375,40.58000183105469,171.149658203125,36.244998931884766,6.03000020980835,8.02400016784668,94.0001449584961,33.887821197509766,223.62583923339844,57.371192932128906,19.031999588012695,189.11000061035156,127.63349151611328,157.5731658935547,88.30000305175781,41.40999984741211,112.76699829101562,6.726207733154297,164.6999969482422,42.712825775146484
2022-07-18,25.635486602783203,510.79998779296875,183.74057006835938,147.50445556640625,13.880000114440918,330.4768371582031,173.0,343.7611389160156,48.427650451660156,152.17596435546875,7621.24658203125,609.3320922851562,45.119014739990234,118.44713592529297,247.44570922851562,87.20278930664062,517.7454223632812,239.507080078125,520.48095703125,286.05999755859375,586.7000122070312,360.6000061035156,39.5,171.2294464111328,36.70000076293945,6.070000171661377,8.050000190734863,92.6767578125,34.22058868408203,221.997314453125,57.19255828857422,18.93400001525879,190.9199981689453,125.54566955566406,160.962158203125,88.12999725341797,42.25,109.91000366210938,6.81158971786499,167.22999572753906,42.162452697753906
2022-07-19,25.738754272460938,528.2999877929688,187.75872802734375,151.4547576904297,14.25,339.83172607421875,176.36000061035156,355.48663330078125,50.4955940246582,156.12295532226562,7659.10400390625,631.5367431640625,47.43131637573242,124.31980895996094,255.2984619140625,89.61351776123047,531.7814331054688,244.5382537841797,536.582275390625,289.6000061035156,595.72998046875,377.1000061035156,41.150001525878906,177.7020263671875,37.345001220703125,6.21999979019165,8.399999618530273,97.74144744873047,35.04505920410156,228.39230346679688,59.39570617675781,19.107999801635742,201.6300048828125,130.90867614746094,169.86952209472656,86.93000030517578,43.150001525878906,114.62000274658203,6.7831292152404785,175.77999877929688,43.61838150024414
2022-07-20,25.689579010009766,526.7999877929688,189.99655151367188,154.55575561523438,14.4399995803833,340.72027587890625,174.9199981689453,356.93988037109375,51.31084442138672,155.55064392089844,7766.69775390625,631.5367431640625,47.46046447753906,123.7832260131836,247.9321746826172,88.5222396850586,517.8450927734375,243.8820037841797,538.3613891601562,285.5,594.5900268554688,383.80999755859375,43.20000076293945,178.33033752441406,38.04499816894531,6.25,8.399999618530273,101.7215576171875,34.56825637817383,230.0109100341797,60.72553253173828,18.826000213623047,216.44000244140625,132.4423828125,178.01710510253906,88.44999694824219,42.75,114.69999694824219,6.877998352050781,183.08999633789062,43.747135162353516
2022-07-21,25.945293426513672,530.2000122070312,192.5128631591797,156.6889190673828,14.510000228881836,346.3612060546875,175.0,359.9458923339844,52.14597702026367,156.8531494140625,7864.32958984375,644.2293090820312,46.67350387573242,124.88621520996094,253.5511932373047,89.5440673828125,520.8258056640625,247.67027282714844,574.6918334960938,283.1099853515625,592.4400024414062,398.3500061035156,43.65999984741211,180.82363891601562,38.505001068115234,6.289999961853027,8.137999534606934,103.32353973388672,34.68745803833008,232.95021057128906,61.12249755859375,18.700000762939453,223.8800048828125,135.8956756591797,180.44638061523438,85.73999786376953,43.15999984741211,115.04000091552734,6.944406509399414,183.1699981689453,44.2225456237793
2022-07-22,26.019058227539062,531.2999877929688,194.52194213867188,155.7803497314453,14.649999618530273,343.32611083984375,174.02000427246094,360.264404296875,51.032466888427734,155.74798583984375,7822.4873046875,647.786376953125,46.964969635009766,126.0985107421875,257.7207946777344,90.00041961669922,519.779052734375,244.9359588623047,561.2390747070312,280.2900085449219,586.1099853515625,393.510009765625,41.18000030517578,201.48805236816406,37.654998779296875,6.210000038146973,8.435999870300293,101.1643295288086,35.040096282958984,232.92042541503906,61.11257553100586,18.152000427246094,220.44000244140625,135.21292114257812,173.1385498046875,93.91999816894531,41.810001373291016,108.36000061035156,6.982353687286377,169.27000427246094,42.92508316040039
2022-07-25,26.255104064941406,533.0,193.7461700439453,155.533447265625,14.65999984741211,343.6555480957031,174.63999938964844,352.3910217285156,51.8377685546875,158.58981323242188,7782.6376953125,643.5257568359375,47.47989273071289,126.70465850830078,255.47714233398438,90.03018188476562,527.8138427734375,245.4828338623047,567.1359252929688,283.67999267578125,587.280029296875,375.55999755859375,42.08000183105469,198.09718322753906,37.810001373291016,6.199999809265137,8.460000038146973,100.49766540527344,35.02519226074219,233.56588745117188,60.844627380371094,18.15999984741211,218.50999450683594,135.65818786621094,170.18943786621094,89.25,41.58000183105469,108.20999908447266,7.12465763092041,166.64999389648438,43.430198669433594
2022-07-26,25.989551544189453,524.9000244140625,187.5797119140625,149.92401123046875,14.430000305175781,340.73028564453125,173.52000427246094,354.4713134765625,50.80379867553711,154.80072021484375,7800.5703125,635.8170776367188,46.3237419128418,126.78414154052734,257.10528564453125,91.17105865478516,529.92724609375,245.5126495361328,572.9628295898438,288.2200012207031,582.5599975585938,377.0,40.189998626708984,203.39292907714844,37.029998779296875,6.039999961853027,8.390000343322754,98.4180679321289,34.7470588684082,232.9899444580078,59.881988525390625,18.115999221801758,213.91000366210938,137.67674255371094,165.2808837890625,88.05999755859375,41.099998474121094,105.44000244140625,7.09619665145874,159.14999389648438,43.01422119140625
2022-07-27,25.935461044311523,528.0,188.89256286621094,152.67935180664062,15.149999618530273,342.7170715332031,174.97999572753906,359.2491149902344,52.32493209838867,155.57037353515625,7838.42724609375,646.2307739257812,47.11070251464844,126.58541107177734,256.41033935546875,92.4805908203125,532.937744140625,248.04812622070312,581.6181030273438,286.989990234375,587.9099731445312,385.9599914550781,43.2400016784668,204.1110076904297,37.029998779296875,6.150000095367432,8.461999893188477,102.9454345703125,35.4920654296875,236.22714233398438,61.09272766113281,18.47599983215332,226.75,140.1801300048828,177.84715270996094,88.12999725341797,41.09000015258789,113.5999984741211,7.200552463531494,169.5800018310547,43.865989685058594
2022-07-28,26.186256408691406,556.0999755859375,189.76780700683594,157.43948364257812,15.59000015258789,351.8822937011719,174.1199951171875,372.8558349609375,55.1186408996582,148.34739685058594,7878.27685546875,704.7889404296875,48.2655143737793,131.5637664794922,266.9534606933594,92.72860717773438,539.7962646484375,250.94154357910156,597.3197631835938,280.82000732421875,582.3699951171875,398.55999755859375,35.599998474121094,209.21726989746094,37.79499816894531,6.179999828338623,8.567999839782715,104.63697814941406,36.545005798339844,242.5228271484375,62.43247985839844,18.461999893188477,226.02000427246094,144.7218475341797,179.7865753173828,87.37000274658203,40.65999984741211,114.58999633789062,7.257473945617676,160.72000122070312,44.073978424072266
2022-07-29,26.441972732543945,556.9000244140625,190.4938507080078,161.35028076171875,15.0,353.22015380859375,177.74000549316406,375.18499755859375,55.13852310180664,155.0967254638672,7967.9384765625,697.288330078125,48.5490837097168,131.72276306152344,268.8694763183594,91.78614044189453,540.6436157226562,260.69561767578125,598.0892944335938,280.4100036621094,581.6900024414062,399.17999267578125,36.849998474121094,211.8501739501953,38.11000061035156,6.170000076293945,8.79800033569336,105.4529037475586,37.175777435302734,246.49485778808594,63.14701461791992,18.450000762939453,224.89999389648438,146.8294677734375,181.5760498046875,89.87000274658203,38.65999984741211,116.63999938964844,7.200552463531494,159.10000610351562,44.62862014770508
2022-08-01,26.564912796020508,552.9000244140625,193.04000854492188,163.49331665039062,15.399999618530273,349.9753723144531,178.47999572753906,374.33892822265625,55.2081184387207,157.68202209472656,7957.97607421875,688.063720703125,49.02821731567383,130.15274047851562,266.67547607421875,92.34170532226562,533.7053833007812,256.4698486328125,589.2340698242188,273.8299865722656,576.6799926757812,398.1300048828125,36.810001373291016,210.34423828125,39.255001068115234,6.260000228881836,8.829999923706055,105.87081146240234,36.917510986328125,245.52171325683594,64.44707489013672,18.666000366210938,226.2100067138672,145.94882202148438,184.355224609375,89.95999908447266,37.31999969482422,115.4800033569336,7.062270164489746,159.92999267578125,44.98516845703125
2022-08-02,26.663265228271484,543.5,186.93321228027344,161.4490203857422,16.0,348.4478454589844,176.60000610351562,368.0680847167969,51.937191009521484,157.8990936279297,7973.916015625,682.3961791992188,48.2655143737793,128.5529022216797,264.6999206542969,92.47066497802734,533.78515625,251.05091857910156,585.7258911132812,273.8599853515625,574.9600219726562,398.92999267578125,36.91999816894531,210.90272521972656,38.88999938964844,6.349999904632568,8.913999557495117,104.46781921386719,36.361236572265625,242.41358947753906,61.7675666809082,18.81999969482422,221.4199981689453,144.85049438476562,185.2049560546875,89.16000366210938,37.81999969482422,115.9000015258789,6.943742752075195,160.19000244140625,43.836273193359375
2022-08-03,26.373126983642578,553.4000244140625,194.36280822753906,165.83387756347656,16.709999084472656,353.5596008300781,180.16000366210938,366.4555969238281,52.981101989746094,161.15536499023438,8089.47998046875,689.7777709960938,47.35613250732422,129.89437866210938,266.88397216796875,93.0262222290039,538.9589233398438,251.33924865722656,587.6648559570312,275.0299987792969,608.77001953125,406.8699951171875,38.5,215.88931274414062,39.470001220703125,6.460000038146973,8.850000381469727,108.46782684326172,37.0466423034668,243.99249267578125,61.43014907836914,18.649999618530273,226.72999572753906,147.13619995117188,188.87387084960938,93.0,39.220001220703125,118.77999877929688,6.815337657928467,168.8000030517578,44.02445602416992
2022-08-04,26.141998291015625,556.4000244140625,196.09339904785156,164.4907684326172,17.479999542236328,355.4964599609375,180.60000610351562,376.1505126953125,52.931396484375,160.3264923095703,8113.3896484375,690.6101684570312,46.3685302734375,129.9241943359375,269.3063049316406,92.47066497802734,532.0804443359375,250.95147705078125,589.683837890625,274.8500061035156,614.9600219726562,405.0199890136719,37.459999084472656,212.14938354492188,39.76499938964844,6.519999980926514,8.79800033569336,110.50762939453125,37.7469482421875,255.928466796875,61.32098388671875,18.68600082397461,229.91000366210938,147.14610290527344,192.09291076660156,91.47000122070312,39.70000076293945,118.87000274658203,6.884478569030762,170.57000732421875,43.776851654052734
2022-08-05,25.984636306762695,543.5999755859375,198.0030059814453,164.06613159179688,14.59000015258789,356.93414306640625,177.13999938964844,374.9062805175781,52.116146087646484,161.8263397216797,8246.88671875,691.115478515625,45.75250244140625,130.56015014648438,270.21966552734375,92.54011535644531,533.3863525390625,253.21847534179688,589.9436645507812,288.0299987792969,613.6099853515625,407.7799987792969,37.47999954223633,212.2391357421875,42.04499816894531,6.619999885559082,8.87600040435791,109.07479858398438,37.44397735595703,260.8041687011719,60.914093017578125,18.827999114990234,226.77999877929688,147.0867156982422,189.83358764648438,91.31999969482422,38.5,118.22000122070312,7.062270164489746,167.11000061035156,44.97526550292969
2022-08-08,25.935461044311523,550.7999877929688,200.74807739257812,164.89569091796875,14.020000457763672,351.5927734375,177.9600067138672,376.3694763183594,52.50389099121094,163.79983520507812,8274.78125,690.6299438476562,46.77922058105469,130.39122009277344,271.0238037109375,92.83773803710938,534.9215087890625,254.35198974609375,583.6370849609375,293.95001220703125,630.6300048828125,407.0,38.790000915527344,210.7730712890625,40.744998931884766,6.349999904632568,9.020000457763672,107.293701171875,37.71714782714844,259.9402160644531,62.154605865478516,18.77400016784668,233.49000549316406,146.37428283691406,177.87713623046875,91.9000015258789,37.810001373291016,118.13999938964844,7.032638072967529,170.25,45.01488494873047
2022-08-09,25.78301429748535,545.9000244140625,194.1439971923828,163.06866455078125,13.100000381469727,345.9818115234375,178.1999969482422,375.3442687988281,51.45003128051758,163.6616973876953,8300.68359375,691.353271484375,46.2805290222168,132.06060791015625,274.1807556152344,92.36154174804688,535.5794677734375,251.40887451171875,580.5587158203125,298.8299865722656,622.1500244140625,388.6000061035156,35.40999984741211,209.50650024414062,39.9900016784668,6.199999809265137,9.14799976348877,99.16433715820312,37.424110412597656,256.9512634277344,57.10324478149414,19.04800033569336,229.94000244140625,144.8702850341797,170.8092498779297,90.54000091552734,37.75,117.5,6.963497161865234,168.52999877929688,44.658329010009766
2022-08-10,27.73530387878418,554.0,200.3402862548828,167.56214904785156,13.100000381469727,352.810791015625,178.9600067138672,391.37969970703125,55.17829513549805,167.50999450683594,8248.87890625,702.9559326171875,47.8841667175293,133.5610809326172,275.77911376953125,93.42304992675781,536.0380249023438,257.6331787109375,592.0325317382812,295.7699890136719,641.489990234375,400.2900085449219,37.790000915527344,216.13864135742188,40.5099983215332,6.329999923706055,9.02400016784668,104.52752685546875,37.9853515625,263.77325439453125,57.033775329589844,18.940000534057617,244.11000061035156,147.76947021484375,180.91624450683594,91.62000274658203,38.25,120.6500015258789,6.815337657928467,178.33999633789062,46.7778434753418
2022-08-11,27.454999923706055,559.7000122070312,201.0862274169922,167.49301147460938,13.680000305175781,350.0152893066406,179.36000061035156,384.3822326660156,56.33156967163086,168.97999572753906,8270.7958984375,682.9906616210938,49.888710021972656,133.3822021484375,271.9669189453125,93.29408264160156,531.1932373046875,257.2652893066406,592.222412109375,292.1600036621094,623.9000244140625,396.67999267578125,37.9900016784668,215.93919372558594,40.56999969482422,6.570000171661377,9.218000411987305,105.00514221191406,37.67741394042969,262.958984375,59.0384407043457,18.868000030517578,242.6999969482422,148.68475341796875,179.36669921875,91.55000305175781,39.029998779296875,119.81999969482422,7.042515754699707,177.49000549316406,47.1442985534668
2022-08-12,27.104999542236328,561.0,205.35302734375,170.33721923828125,13.680000305175781,353.6993408203125,182.0800018310547,390.1056213378906,56.94468307495117,171.60000610351562,8153.23974609375,698.100830078125,49.64425277709961,136.37319946289062,275.7096252441406,94.06790161132812,541.9993286132812,257.9414367675781,602.8867797851562,294.5199890136719,628.7100219726562,396.42999267578125,40.31999969482422,218.30282592773438,40.15999984741211,6.630000114440918,9.399999618530273,109.83100891113281,37.99528121948242,268.9865417480469,60.58659744262695,18.784000396728516,249.3000030517578,151.65945434570312,187.034423828125,91.58000183105469,38.439998626708984,122.6500015258789,7.02276086807251,180.5,47.758365631103516
2022-08-15,27.604999542236328,561.2999877929688,206.91453552246094,171.2359161376953,13.119999885559082,359.3702087402344,179.4600067138672,389.2794494628906,57.34345626831055,171.55999755859375,8408.27734375,708.2369995117188,49.06733322143555,137.50599670410156,279.48211669921875,94.44487762451172,542.9364013671875,258.667236328125,604.166015625,305.5299987792969,643.2899780273438,390.8500061035156,40.93000030517578,216.1186981201172,40.349998474121094,6.300000190734863,9.36400032043457,109.23400115966797,38.432350158691406,272.1939392089844,59.27661895751953,18.81599998474121,249.11000061035156,151.63954162597656,190.2634735107422,91.91999816894531,38.310001373291016,122.87999725341797,6.9141106605529785,180.88999938964844,47.83759689331055
2022-08-16,27.764999389648438,564.0999755859375,212.96163940429688,179.06680297851562,13.6899995803833,358.67132568359375,180.6199951171875,386.9701843261719,57.024436950683594,170.5,8340.533203125,708.5853271484375,49.722476959228516,136.2440185546875,276.4343566894531,94.55400848388672,544.4117431640625,257.6729431152344,601.7872924804688,303.0,648.7000122070312,382.239990234375,39.45000076293945,212.29896545410156,40.8849983215332,6.159999847412109,9.46399974822998,107.9504165649414,38.829689025878906,271.6279602050781,60.7354621887207,19.097999572753906,245.69000244140625,152.31607055664062,188.73390197753906,91.1500015258789,38.79999923706055,122.51000213623047,6.835092067718506,179.47000122070312,48.12482452392578
2022-08-17,28.104999542236328,563.5,214.2048797607422,174.24703979492188,13.260000228881836,354.75762939453125,178.66000366210938,385.9350280761719,56.36646270751953,168.67999267578125,8402.2998046875,703.4703369140625,47.97216796875,136.52224731445312,275.4515075683594,94.15718841552734,543.2952880859375,252.55796813964844,595.7205810546875,299.2300109863281,636.3400268554688,374.010009765625,35.95000076293945,208.42938232421875,40.130001068115234,5.989999771118164,9.244000434875488,105.47279357910156,38.223751068115234,266.1266784667969,58.84307861328125,18.93199920654297,241.14999389648438,151.21176147460938,183.2955322265625,90.23999786376953,40.0099983215332,120.31999969482422,6.805459976196289,174.85000610351562,47.372100830078125
2022-08-18,28.104999542236328,562.7000122070312,215.29893493652344,171.9713134765625,13.1899995803833,356.78436279296875,179.17999267578125,385.5866394042969,55.65864562988281,168.5,8532.0,698.016845703125,48.069950103759766,135.76705932617188,273.4957580566406,94.48456573486328,543.5145874023438,249.6864013671875,594.691162109375,294.2900085449219,624.8300170898438,374.75,35.060001373291016,214.46315002441406,40.06999969482422,5.900000095367432,9.13599967956543,107.73149871826172,38.6061897277832,265.7294921875,60.47650146484375,18.799999237060547,245.1699981689453,152.56478881835938,187.67422485351562,89.83000183105469,39.59000015258789,120.86000061035156,6.904232978820801,174.66000366210938,48.47146987915039
2022-08-19,28.299999237060547,558.0999755859375,210.21658325195312,165.99876403808594,13.729999542236328,353.7093505859375,176.0,378.1611633300781,53.92398452758789,165.27999877929688,8560.0,693.4093017578125,47.53215026855469,133.233154296875,272.423583984375,94.24646759033203,546.6049194335938,248.57965087890625,588.2345581054688,299.0400085449219,618.3599853515625,373.739990234375,32.900001525878906,214.45318603515625,39.69499969482422,5.75,9.15999984741211,104.10960388183594,38.144287109375,261.85675048828125,57.93672561645508,18.833999633789062,241.16000366210938,150.06764221191406,178.43698120117188,90.45999908447266,39.58000183105469,118.12000274658203,7.101779460906982,167.9600067138672,47.213626861572266
2022-08-22,28.315000534057617,540.5,208.85398864746094,160.950439453125,12.710000038146973,344.9534912109375,174.0,374.7072448730469,52.757572174072266,163.0800018310547,8582.0,672.0733642578125,44.84312438964844,130.1129913330078,267.79730224609375,92.35161590576172,542.8666381835938,242.77671813964844,575.80126953125,293.8399963378906,612.0999755859375,358.3999938964844,32.709999084472656,211.8202667236328,38.165000915527344,5.519999980926514,8.894000053405762,100.30860900878906,37.543312072753906,259.08624267578125,56.93077850341797,18.986000061035156,226.5399932861328,145.9985809326172,170.28939819335938,88.0,39.06999969482422,115.06999969482422,6.923988342285156,163.0500030517578,46.39157485961914
2022-08-23,28.104999542236328,538.7000122070312,206.34762573242188,160.9603729248047,12.789999961853027,340.3409118652344,173.5,371.0741271972656,52.667850494384766,163.60000610351562,8334.0,664.5401000976562,45.39070129394531,127.6486587524414,263.31005859375,89.50438690185547,534.1240234375,238.1503143310547,572.6629028320312,286.25,602.530029296875,356.9100036621094,32.7599983215332,209.68600463867188,37.69499969482422,5.559999942779541,8.913999557495117,101.42304229736328,37.64264678955078,259.4933776855469,57.36901092529297,18.75200080871582,224.5500030517578,145.5608367919922,171.7589569091797,87.0999984741211,39.790000915527344,114.7699966430664,6.825214862823486,161.11000061035156,46.49061584472656
2022-08-24,27.975000381469727,543.5999755859375,207.2825469970703,162.11314392089844,13.520000457763672,339.1628112792969,172.74000549316406,373.97064208984375,52.9968376159668,162.6199951171875,8400.0,668.212158203125,44.97024154663086,130.29185485839844,262.56549072265625,88.57183837890625,534.781982421875,232.11802673339844,572.8428955078125,291.0299987792969,602.7899780273438,360.54998779296875,33.65999984741211,209.8555450439453,37.435001373291016,5.849999904632568,8.75,101.23350524902344,36.72380828857422,260.8835754394531,56.771419525146484,18.75200080871582,229.61000061035156,144.77488708496094,172.16883850097656,86.26000213623047,40.11000061035156,114.69999694824219,6.548650741577148,163.25999450683594,46.173683166503906
2022-08-25,27.950000762939453,543.5,209.81874084472656,166.45590209960938,13.5600004196167,344.1148376464844,174.0800018310547,378.7193603515625,54.252967834472656,164.16000366210938,8410.0,686.1845703125,45.351593017578125,131.9413604736328,266.2982482910156,91.4091567993164,539.8760375976562,236.36553955078125,585.1561889648438,291.2200012207031,603.7999877929688,371.2099914550781,35.0099983215332,212.98712158203125,37.904998779296875,5.659999847412109,8.684000015258789,104.74495697021484,38.104549407958984,264.7265319824219,58.30524444580078,18.92799949645996,233.97999572753906,147.29193115234375,179.07679748535156,86.54000091552734,42.29999923706055,117.69999694824219,6.696810245513916,168.77999877929688,47.441429138183594
2022-08-26,27.520000457763672,528.9000244140625,199.90267944335938,159.61878967285156,13.15999984741211,331.42529296875,170.5,363.1962585449219,51.471534729003906,162.10000610351562,8268.0,667.4857177734375,43.914188385009766,127.53935241699219,259.2992858886719,88.72064971923828,527.5945434570312,228.4886932373047,563.4078979492188,281.67999267578125,596.1799926757812,349.8999938964844,32.099998474121094,204.4301300048828,36.900001525878906,5.570000171661377,8.460000038146973,98.56002044677734,37.62774658203125,260.39703369140625,55.685791015625,18.549999237060547,223.27999877929688,140.3576202392578,162.55169677734375,86.23999786376953,41.2599983215332,111.30000305175781,6.795583248138428,161.77999877929688,41.03337097167969
2022-08-29,27.485000610351562,517.0999755859375,199.9822540283203,157.70082092285156,13.199999809265137,328.8194885253906,170.66000366210938,360.1435241699219,50.99300765991211,,,656.131103515625,43.562171936035156,126.48604583740234,257.8399353027344,88.20478057861328,528.1129150390625,228.9971923828125,556.3916625976562,281.6000061035156,592.77001953125,349.04998779296875,31.100000381469727,203.53256225585938,36.470001220703125,5.5,8.607999801635742,96.30550384521484,37.62774658203125,258.8777160644531,55.47663116455078,18.781999588012695,224.57000732421875,139.98951721191406,157.9630584716797,83.22000122070312,40.75,110.33999633789062,6.479509353637695,159.1699981689453,40.201412200927734
2022-08-30,27.334999084472656,515.5,196.153076171875,159.7777862548828,13.289999961853027,327.281982421875,170.33999633789062,354.7164306640625,50.54438781738281,164.6999969482422,8176.0,652.7078247070312,43.41544723510742,124.85639953613281,251.56565856933594,86.55794525146484,521.20458984375,227.34205627441406,553.992919921875,281.3599853515625,588.3900146484375,348.8399963378906,31.110000610351562,201.2387237548828,36.869998931884766,5.550000190734863,8.61400032043457,94.2904052734375,36.912540435791016,254.06161499023438,54.58024215698242,18.8439998626709,220.64999389648438,138.52703857421875,154.63404846191406,86.5,40.0,109.91000366210938,6.390613555908203,157.16000366210938,39.31002426147461
2022-08-31,27.399999618530273,503.0,193.08973693847656,159.3405303955078,13.239999771118164,323.8475036621094,168.8800048828125,351.3444519042969,50.40481948852539,164.5,8102.0,654.1806030273438,43.494224548339844,123.72360229492188,252.21096801757812,87.22262573242188,517.70556640625,224.61009216308594,545.0277709960938,281.760009765625,581.0599975585938,347.6199951171875,31.059999465942383,197.33920288085938,36.654998779296875,5.53000020980835,8.538000106811523,93.84149932861328,36.54996871948242,250.68536376953125,54.01252746582031,18.802000045776367,223.55999755859375,135.9403533935547,150.89515686035156,85.80000305175781,41.29999923706055,109.1500015258789,6.42024564743042,162.92999267578125,37.923431396484375
2022-09-01,27.350000381469727,492.20001220703125,194.70095825195312,163.81248474121094,13.1899995803833,324.7261047363281,168.27999877929688,351.13494873046875,49.976139068603516,161.39999389648438,7928.0,650.1303100585938,42.893558502197266,123.51493072509766,255.77499389648438,87.82778930664062,522.3609619140625,226.42474365234375,550.454833984375,290.20001220703125,600.6300048828125,349.92999267578125,30.799999237060547,198.91497802734375,35.849998474121094,5.429999828338623,8.597999572753906,91.58699035644531,35.5218620300293,248.25250244140625,53.24561309814453,18.5939998626709,230.0399932861328,138.0594482421875,139.32859802246094,84.5999984741211,41.18000030517578,110.55000305175781,6.3609819412231445,165.36000061035156,37.28955841064453
2022-09-02,27.5,496.1000061035156,194.4523162841797,163.57398986816406,13.0600004196167,322.0404357910156,168.94000244140625,346.80523681640625,49.098838806152344,168.63999938964844,8006.0,628.0977172851562,43.68132019042969,121.12014770507812,249.0341339111328,86.50833892822266,514.73486328125,225.07870483398438,543.2586669921875,281.0400085449219,580.6199951171875,343.8299865722656,30.18000030517578,199.49342346191406,35.459999084472656,5.409999847412109,8.692000389099121,91.01837158203125,36.624473571777344,244.80674743652344,53.06633377075195,18.722000122070312,226.11000061035156,136.5969696044922,136.42945861816406,84.5999984741211,41.41999816894531,108.68000030517578,6.163435459136963,160.32000732421875,37.428218841552734
2022-09-05,27.139999389648438,494.25,,,,,168.86000061035156,,,166.5,7956.0,,,,,,,,,,,,,,35.61000061035156,,8.942000389099121,,35.42253112792969,,,18.899999618530273,,,,86.0,,,6.133803844451904,,
2022-09-06,27.299999237060547,499.5,191.91612243652344,162.5603485107422,12.630000114440918,323.5579833984375,168.60000610351562,355.9435119628906,48.37107849121094,167.8800048828125,7968.0,628.7744750976562,44.27213668823242,123.0180892944336,252.3400115966797,85.51626586914062,516.0607299804688,225.43765258789062,544.8578491210938,279.17999267578125,573.969970703125,341.7300109863281,29.030000686645508,200.17160034179688,35.625,5.309999942779541,8.892000198364258,90.07068634033203,35.591400146484375,244.4492645263672,52.88705825805664,18.889999389648438,218.38999938964844,137.75103759765625,134.61000061035156,85.5999984741211,39.27000045776367,107.4800033569336,6.114049434661865,158.5399932861328,36.93300247192383
2022-09-07,27.40999984741211,511.70001220703125,200.21099853515625,169.7253875732422,12.680000305175781,328.0906677246094,168.13999938964844,362.6675109863281,49.27828598022461,164.10000610351562,7944.0,644.0599365234375,45.148521423339844,125.83020782470703,257.62152099609375,86.41905212402344,520.0482177734375,231.2605438232422,551.42431640625,284.44000244140625,596.4400024414062,354.67999267578125,30.600000381469727,211.59088134765625,35.994998931884766,5.199999809265137,8.994000434875488,91.71668243408203,35.79999923706055,252.00607299804688,53.155975341796875,18.95800018310547,228.9600067138672,140.54664611816406,137.13999938964844,85.5999984741211,39.86000061035156,110.4800033569336,6.005398750305176,160.38999938964844,37.616397857666016
2022-09-08,27.530000686645508,515.4000244140625,203.2743377685547,170.82847595214844,12.539999961853027,329.538330078125,167.83999633789062,366.18914794921875,49.91632080078125,166.25999450683594,8004.0,647.7420043945312,47.177005767822266,127.10213470458984,259.77581787109375,87.19286346435547,525.8599853515625,237.57200622558594,566.25634765625,288.989990234375,708.8499755859375,364.95001220703125,32.40999984741211,215.63002014160156,35.30500030517578,5.059999942779541,8.862000465393066,93.56218719482422,36.029998779296875,252.05572509765625,53.41493225097656,18.770000457763672,227.44000244140625,142.50656127929688,139.89999389648438,86.19999694824219,38.560001373291016,109.41999816894531,5.926380634307861,162.05999755859375,38.13142013549805
2022-09-09,27.899999618530273,522.2000122070312,204.53746032714844,172.56756591796875,13.029999732971191,335.30902099609375,168.0,368.5435485839844,51.3419303894043,168.83999633789062,8004.0,654.6981201171875,47.55119323730469,128.81126403808594,259.6963806152344,89.01827239990234,524.3400268554688,237.62185668945312,569.0949096679688,292.1099853515625,724.3200073242188,374.1300048828125,33.459999084472656,219.11065673828125,36.35499954223633,5.070000171661377,9.052000045776367,96.27558135986328,36.630001068115234,255.1737823486328,55.36707305908203,19.57200050354004,233.57000732421875,144.9639129638672,143.8699951171875,86.19999694824219,38.83000183105469,111.77999877929688,6.025153636932373,169.14999389648438,39.4090690612793
2022-09-12,28.434999465942383,530.0999755859375,205.2834014892578,172.76632690429688,13.3100004196167,337.8749084472656,176.8000030517578,370.6186218261719,52.518310546875,173.9600067138672,8098.0,662.2412719726562,48.417724609375,129.37765502929688,263.1710510253906,91.32978820800781,531.25,240.56321716308594,578.879638671875,293.4800109863281,710.739990234375,376.5899963378906,34.20000076293945,221.76351928710938,37.75,4.960000038146973,9.15999984741211,96.06608581542969,37.5,261.65814208984375,55.87502670288086,19.408000946044922,236.52999877929688,146.8541717529297,145.0500030517578,87.5999984741211,39.4900016784668,111.87000274658203,,168.9600067138672,39.9141845703125
2022-09-13,28.684999465942383,523.0999755859375,192.58250427246094,165.20376586914062,12.949999809265137,324.9158020019531,173.0,355.6641845703125,49.846534729003906,171.94000244140625,8004.0,633.1829833984375,45.54240036010742,124.29000091552734,252.78677368164062,89.60359191894531,513.9600219726562,227.7608184814453,559.52001953125,280.6700134277344,701.3900146484375,350.42999267578125,31.309999465942383,211.47119140625,36.665000915527344,4.78000020980835,9.149999618530273,90.17044067382812,36.599998474121094,254.28997802734375,52.7575798034668,19.222000122070312,218.1300048828125,141.78028869628906,131.30999755859375,85.5999984741211,38.29999923706055,105.30999755859375,6.262208938598633,153.1300048828125,37.93333435058594
2022-09-14,27.899999618530273,519.0999755859375,191.3491973876953,164.34912109375,12.710000038146973,325.32513427734375,172.66000366210938,350.3268737792969,49.986106872558594,169.89999389648438,7900.0,623.6394653320312,45.493167877197266,121.08000183105469,249.9971160888672,89.90121459960938,509.7699890136719,222.30685424804688,558.1300048828125,284.8599853515625,697.6199951171875,350.4700012207031,31.670000076293945,208.1999969482422,36.224998474121094,4.699999809265137,8.960000038146973,90.41983032226562,35.404998779296875,253.3962860107422,52.936859130859375,19.09000015258789,224.1199951171875,142.36727905273438,131.27999877929688,85.5999984741211,38.27000045776367,105.87000274658203,6.074540138244629,151.47000122070312,37.76496124267578
2022-09-15,27.649999618530273,504.20001220703125,190.00650024414062,163.98141479492188,13.170000076293945,316.4494323730469,173.39999389648438,346.2366027832031,49.487640380859375,172.24000549316406,7802.0,613.3297729492188,45.09928512573242,116.22000122070312,243.28604125976562,89.90121459960938,522.9099731445312,223.46343994140625,551.97998046875,287.6700134277344,705.8499755859375,349.8399963378906,31.889999389648438,208.97000122070312,35.915000915527344,4.710000038146973,8.739999771118164,88.70401000976562,35.6150016784668,246.73318481445312,52.89701843261719,19.1299991607666,235.3800048828125,140.38746643066406,129.2899932861328,84.44999694824219,37.790000915527344,103.9000015258789,6.064662456512451,149.5500030517578,37.28955841064453
2022-09-16,27.645000457763672,494.1499938964844,190.7723388671875,163.06715393066406,12.739999771118164,314.6224060058594,174.5399932861328,345.24896240234375,48.37107849121094,171.13999938964844,7786.0,621.7188720703125,46.18246078491211,113.66999816894531,244.1100311279297,89.53414916992188,521.02001953125,223.33383178710938,541.280029296875,289.7099914550781,710.2999877929688,342.55999755859375,30.489999771118164,209.6699981689453,33.599998474121094,4.769999980926514,8.600000381469727,88.65413665771484,35.189998626708984,245.63095092773438,52.309383392333984,18.802000045776367,240.1300048828125,137.56201171875,131.97999572753906,82.11000061035156,37.0099983215332,103.62999725341797,5.9955220222473145,146.2899932861328,37.596588134765625
2022-09-19,27.584999084472656,493.1499938964844,194.04454040527344,163.7329864501953,13.15999984741211,313.524169921875,175.3000030517578,343.8722229003906,49.35803985595703,,,622.9230346679688,46.349857330322266,112.80000305175781,245.7083740234375,88.96866607666016,523.5499877929688,222.89512634277344,539.6699829101562,285.1400146484375,715.3400268554688,339.6700134277344,30.1299991607666,208.38999938964844,33.70500183105469,4.880000114440918,8.579999923706055,89.50206756591797,35.529998779296875,247.6368408203125,54.400962829589844,19.027999877929688,243.6300048828125,139.50201416015625,133.82000732421875,82.05000305175781,37.040000915527344,103.8499984741211,6.044908046722412,148.02000427246094,37.45792770385742
2022-09-20,27.204999923706055,495.3999938964844,189.37991333007812,159.032470703125,13.210000038146973,312.765380859375,171.3800048828125,338.5448913574219,47.53365707397461,170.9199981689453,7548.0,613.5089111328125,45.12882995605469,110.93000030517578,236.17787170410156,87.75834655761719,522.7999877929688,219.56491088867188,532.1599731445312,286.94000244140625,704.219970703125,338.0,29.450000762939453,201.75999450683594,33.099998474121094,4.769999980926514,8.199999809265137,87.90596008300781,34.22999954223633,243.17820739746094,52.22970199584961,18.718000411987305,242.85000610351562,138.4673309326172,131.75999450683594,81.83000183105469,37.22999954223633,101.83000183105469,6.084417343139648,146.08999633789062,36.59626007080078
2022-09-21,27.125,501.5,187.34100341796875,158.0386962890625,12.220000267028809,304.009521484375,172.27999877929688,334.08551025390625,45.97844314575195,167.8000030517578,7728.0,617.1909790039062,43.435142517089844,108.55000305175781,232.45501708984375,85.05000305175781,512.0800170898438,212.7748565673828,525.6900024414062,280.3999938964844,684.6300048828125,333.4800109863281,28.84000015258789,198.83999633789062,32.61000061035156,4.760000228881836,8.407999992370605,86.87845611572266,34.93000030517578,239.77220153808594,52.49862289428711,18.673999786376953,236.8699951171875,137.12425231933594,132.61000061035156,82.91999816894531,35.91999816894531,100.01000213623047,6.0152764320373535,142.1199951171875,36.42788314819336
2022-09-22,27.30500030517578,495.5,187.102294921875,152.0065460205078,12.010000228881836,297.87939453125,173.44000244140625,321.60516357421875,44.9715461730957,166.25999450683594,7468.0,606.3040161132812,42.20426940917969,108.54000091552734,231.09494018554688,83.55999755859375,517.4600219726562,212.40594482421875,520.2899780273438,286.3399963378906,688.260009765625,326.0799865722656,27.959999084472656,194.05999755859375,31.559999465942383,4.800000190734863,8.406000137329102,84.83343505859375,33.97999954223633,236.85275268554688,50.715797424316406,18.61199951171875,237.0500030517578,134.43807983398438,125.61000061035156,81.38999938964844,35.70000076293945,100.56999969482422,5.82760763168335,142.82000732421875,35.93267059326172
2022-09-23,26.78499984741211,477.20001220703125,187.1122589111328,151.65872192382812,11.789999961853027,293.1070861816406,168.9600067138672,317.1058654785156,43.755287170410156,161.86000061035156,7468.0,590.2522583007812,41.02262878417969,108.5999984741211,227.15367126464844,82.66000366210938,513.6099853515625,211.0399627685547,520.7899780273438,283.45001220703125,697.3300170898438,334.20001220703125,26.969999313354492,191.5,30.174999237060547,4.820000171661377,8.206000328063965,84.08525848388672,32.95500183105469,235.4128875732422,49.48077392578125,18.31800079345703,226.41000366210938,133.45315551757812,125.16000366210938,79.23999786376953,34.869998931884766,99.16999816894531,5.797975540161133,140.41000366210938,35.17995071411133
2022-09-26,26.635000228881836,473.04998779296875,185.013671875,147.7830352783203,11.40999984741211,289.6427001953125,166.63999938964844,314.681640625,43.52599334716797,157.5970001220703,7489.15185546875,578.768310546875,38.669193267822266,104.16000366210938,219.7675323486328,81.33000183105469,508.3599853515625,209.8135528564453,514.3099975585938,276.7799987792969,686.0999755859375,331.2200012207031,26.420000076293945,187.24000549316406,30.075000762939453,4.769999980926514,8.041999816894531,82.73854064941406,32.93000030517578,229.88180541992188,48.20590591430664,17.847999572753906,224.07000732421875,132.8462677001953,122.27999877929688,82.51000213623047,36.0,98.80999755859375,5.788098335266113,136.3699951171875,34.3677978515625
2022-09-27,26.959999084472656,458.3999938964844,186.6547393798828,147.54452514648438,11.319999694824219,286.0185546875,163.3000030517578,312.5267639160156,43.795166015625,155.83999633789062,7622.0,564.9357299804688,38.846439361572266,102.27999877929688,219.00311279296875,80.88999938964844,508.3699951171875,206.03465270996094,508.6600036621094,284.739990234375,695.010009765625,329.7300109863281,26.6299991607666,184.30999755859375,30.25,4.579999923706055,7.860000133514404,83.94560241699219,32.834999084472656,229.14697265625,49.02261734008789,17.81599998474121,224.36000061035156,130.62770080566406,124.12999725341797,82.25,35.279998779296875,98.08999633789062,5.788098335266113,134.39999389648438,34.38760757446289
2022-09-28,26.875,462.70001220703125,193.47763061523438,154.8983917236328,11.789999961853027,289.71258544921875,162.44000244140625,314.023193359375,44.88182067871094,151.0800018310547,7696.0,573.7029418945312,41.101402282714844,103.93000030517578,219.45977783203125,82.58999633789062,513.9400024414062,211.39889526367188,517.8300170898438,292.4100036621094,705.4199829101562,334.0299987792969,28.200000762939453,189.94000244140625,31.09000015258789,4.610000133514404,7.992000102996826,85.79110717773438,33.189998626708984,233.3275604248047,51.462791442871094,17.941999435424805,245.1999969482422,133.22433471679688,127.36000061035156,81.7699966430664,35.790000915527344,100.73999786376953,5.689325332641602,141.61000061035156,34.952152252197266
2022-09-29,26.010000228881836,455.04998779296875,189.4296417236328,150.8438262939453,11.65999984741211,286.3080749511719,159.0399932861328,309.6934814453125,43.16709899902344,144.66000366210938,7598.0,558.666259765625,38.840423583984375,101.19000244140625,212.17291259765625,82.2699966430664,508.8299865722656,207.3906707763672,516.6099853515625,292.79998779296875,691.8200073242188,331.80999755859375,26.229999542236328,187.67999267578125,30.5,4.510000228881836,7.806000232696533,84.2149429321289,32.21500015258789,230.13998413085938,50.74568176269531,17.582000732421875,239.7100067138672,133.4630889892578,122.19999694824219,83.33999633789062,34.27000045776367,98.08999633789062,5.284355640411377,136.41000366210938,33.86267852783203
2022-09-30,26.135000228881836,458.54998779296875,186.79397583007812,147.46502685546875,11.5,283.8819885253906,160.77999877929688,304.62554931640625,42.868019104003906,144.3000030517578,7628.0,566.0801391601562,39.842437744140625,101.5999984741211,213.14581298828125,80.75,505.0400085449219,204.21002197265625,507.19000244140625,289.5400085449219,688.8699951171875,325.79998779296875,25.350000381469727,183.7899932861328,30.80500030517578,4.460000038146973,7.860000133514404,81.73099517822266,33.06999969482422,232.72999572753906,50.984718322753906,17.474000930786133,235.44000244140625,132.67713928222656,121.38999938964844,82.41999816894531,33.81999969482422,96.1500015258789,5.393006324768066,135.67999267578125,33.842872619628906
2022-10-03,25.9950008392334,454.79998779296875,192.8709259033203,150.8438262939453,11.949999809265137,290.0121154785156,162.47999572753906,314.0431823730469,43.835044860839844,145.0800018310547,7640.0,576.0913696289062,39.94164276123047,104.36000061035156,215.59793090820312,82.69999694824219,515.510009765625,211.17955017089844,522.9299926757812,297.42999267578125,735.1300048828125,336.67999267578125,25.8700008392334,193.25999450683594,31.559999465942383,4.650000095367432,8.105999946594238,86.04049682617188,33.275001525878906,238.3300018310547,52.22970199584961,17.81999969482422,239.0399932861328,137.08445739746094,125.12000274658203,83.33000183105469,33.79999923706055,99.30000305175781,5.304110527038574,138.61000061035156,35.536502838134766
2022-10-04,26.31999969482422,480.5,196.35198974609375,155.9816131591797,12.359999656677246,300.78472900390625,167.97999572753906,322.7823791503906,47.244544982910156,150.74000549316406,7718.0,584.97802734375,41.13215637207031,105.98999786376953,218.48687744140625,84.5,523.1699829101562,215.377197265625,539.9299926757812,300.6400146484375,739.5399780273438,348.5899963378906,28.0,203.89999389648438,32.685001373291016,4.760000228881836,8.253999710083008,89.19282531738281,35.095001220703125,247.9600067138672,54.898956298828125,18.173999786376953,240.74000549316406,142.7453155517578,131.6699981689453,89.37999725341797,35.310001373291016,102.41000366210938,,140.27999877929688,37.101375579833984
2022-10-05,25.920000076293945,464.6000061035156,197.95327758789062,155.43504333496094,12.220000267028809,303.71002197265625,167.39999389648438,320.8868713378906,47.14485549926758,147.6199951171875,7790.0,575.6036376953125,39.34638977050781,105.44000244140625,212.58987426757812,85.05000305175781,527.0700073242188,214.40008544921875,546.27001953125,302.0199890136719,745.6799926757812,350.1199951171875,27.030000686645508,202.5399932861328,32.349998474121094,4.78000020980835,8.116000175476074,89.00328826904297,34.58000183105469,242.8000030517578,54.72964096069336,18.1299991607666,236.72999572753906,143.76010131835938,132.08999633789062,86.22000122070312,35.209999084472656,102.22000122070312,5.649816036224365,138.97999572753906,37.4975471496582
2022-10-06,25.575000762939453,456.0,198.89813232421875,154.77914428710938,12.489999771118164,299.2300109863281,164.6999969482422,315.4198913574219,46.89562225341797,144.8000030517578,7682.0,554.7254638671875,39.147972106933594,101.91999816894531,201.60000610351562,84.41999816894531,519.1300048828125,209.65402221679688,540.5900268554688,298.6300048828125,731.8599853515625,346.0199890136719,26.809999465942383,201.52999877929688,31.96500015258789,4.769999980926514,7.829999923706055,87.90596008300781,33.91999816894531,238.58999633789062,54.898956298828125,17.695999145507812,240.02000427246094,141.72059631347656,131.3000030517578,87.27999877929688,35.150001525878906,102.23999786376953,5.610306739807129,139.07000732421875,37.121185302734375
2022-10-07,25.59000015258789,449.5,196.14312744140625,151.39039611816406,11.979999542236328,294.9700012207031,164.5399932861328,303.8074951171875,44.76219177246094,143.47999572753906,7546.0,539.2310180664062,38.10627365112305,100.36000061035156,194.6300048828125,82.41999816894531,504.8500061035156,205.00767517089844,523.6099853515625,295.2300109863281,722.3699951171875,333.239990234375,25.1299991607666,200.4600067138672,30.90999984741211,4.789999961853027,7.748000144958496,82.39936065673828,33.095001220703125,231.75,53.66393280029297,17.56599998474121,224.75,136.12937927246094,120.76000213623047,86.0199966430664,33.7599983215332,99.56999969482422,5.442392826080322,133.4499969482422,34.26875305175781
2022-10-10,26.385000228881836,443.54998779296875,193.84561157226562,152.1456756591797,12.020000457763672,291.7799987792969,165.02000427246094,298.01129150390625,44.85191345214844,143.24000549316406,7540.0,525.3685913085938,37.749122619628906,98.9000015258789,189.5800018310547,81.83999633789062,498.8599853515625,205.10739135742188,510.8399963378906,294.5400085449219,730.9199829101562,324.7200012207031,24.920000076293945,199.08999633789062,32.375,4.75,7.803999900817871,78.99765014648438,33.5099983215332,232.44000244140625,54.3710823059082,17.697999954223633,229.97999572753906,135.6816864013672,116.69999694824219,85.02999877929688,33.15999984741211,98.70999908447266,5.383128643035889,133.7899932861328,34.149906158447266
2022-10-11,27.014999389648438,445.25,195.36734008789062,153.5369415283203,11.600000381469727,286.04998779296875,163.8000030517578,294.0207824707031,44.004520416259766,140.16000366210938,7434.0,521.7562255859375,37.620147705078125,100.62999725341797,189.27000427246094,81.88999938964844,499.80999755859375,203.70152282714844,500.80999755859375,295.1600036621094,737.4099731445312,325.7099914550781,24.709999084472656,202.69000244140625,32.45500183105469,4.699999809265137,7.599999904632568,76.11466979980469,33.290000915527344,231.2100067138672,55.16787338256836,17.690000534057617,214.2899932861328,135.72146606445312,115.86000061035156,84.27999877929688,32.04999923706055,98.05000305175781,5.36337423324585,128.5399932861328,33.54574203491211
2022-10-12,26.889999389648438,445.45001220703125,192.82119750976562,153.19906616210938,11.65999984741211,283.3800048828125,164.0800018310547,290.4792175292969,44.2437858581543,135.67999267578125,7356.0,509.3765563964844,37.44157409667969,100.43000030517578,183.7899932861328,80.30999755859375,499.9599914550781,204.22996520996094,500.6700134277344,290.1300048828125,728.0599975585938,328.1199951171875,25.030000686645508,200.49000549316406,32.619998931884766,4.480000019073486,7.4120001792907715,75.82537078857422,32.69499969482422,229.32000732421875,54.142005920410156,17.719999313354492,220.8699951171875,134.75643920898438,115.0,84.5199966430664,32.16999816894531,98.30000305175781,5.442392826080322,127.5,33.44670104980469
2022-10-13,27.329999923706055,443.20001220703125,192.1150360107422,153.1593017578125,12.5,293.9599914550781,168.17999267578125,291.5865783691406,45.380287170410156,142.5399932861328,7300.0,519.9749145507812,38.036827087402344,102.5199966430664,189.85000610351562,83.5,509.9100036621094,208.67689514160156,510.5400085449219,296.5400085449219,752.5599975585938,335.2200012207031,24.56999969482422,206.0,33.224998474121094,4.699999809265137,7.691999912261963,79.22708892822266,33.2599983215332,237.99000549316406,53.644012451171875,17.642000198364258,232.50999450683594,137.39288330078125,119.5999984741211,85.4000015258789,31.469999313354492,99.70999908447266,5.313988208770752,130.2899932861328,34.655025482177734
2022-10-14,27.469999313354492,448.0,187.93775939941406,144.7818603515625,12.430000305175781,288.69000244140625,167.44000244140625,285.94000244140625,44.18396759033203,142.82000732421875,7292.0,502.93798828125,38.30469512939453,99.52999877929688,185.77999877929688,81.61000061035156,513.1300048828125,208.0487518310547,503.04998779296875,293.2099914550781,736.0599975585938,324.6400146484375,23.15999984741211,201.47000122070312,33.099998474121094,4.409999847412109,7.874000072479248,74.63825988769531,33.095001220703125,232.52999877929688,52.89701843261719,17.788000106811523,230.0,133.62228393554688,112.2699966430664,87.98999786376953,31.010000228881836,97.18000030517578,5.4621477127075195,126.76000213623047,33.932010650634766
2022-10-17,27.40999984741211,462.8999938964844,193.04000854492188,148.31967163085938,12.319999694824219,295.0400085449219,170.97999572753906,296.6844482421875,45.04132843017578,145.39999389648438,7324.0,524.3634643554688,39.37615203857422,105.2300033569336,192.49000549316406,82.76000213623047,521.8800048828125,211.8076934814453,517.22998046875,297.0199890136719,735.9600219726562,339.489990234375,24.6299991607666,206.30999755859375,33.76499938964844,4.610000133514404,8.065999984741211,74.22926330566406,33.720001220703125,237.36000061035156,54.888999938964844,18.020000457763672,245.10000610351562,137.5122528076172,118.87999725341797,87.62000274658203,31.93000030517578,100.77999877929688,5.541165828704834,134.0399932861328,34.1400032043457
2022-10-18,27.645000457763672,465.5,193.1999969482422,156.2499237060547,12.880000114440918,300.3800048828125,171.10000610351562,300.0963134765625,46.297462463378906,147.5,7474.0,537.5890502929688,38.92971420288086,105.8499984741211,197.22000122070312,84.0999984741211,522.2100219726562,212.36605834960938,524.4000244140625,300.1700134277344,722.7100219726562,342.1600036621094,25.450000762939453,210.02000427246094,34.599998474121094,4.769999980926514,8.107999801635742,75.04727172851562,34.27000045776367,242.3699951171875,56.0244255065918,18.04199981689453,240.86000061035156,139.91986083984375,119.66999816894531,89.63999938964844,31.90999984741211,101.38999938964844,5.600429534912109,132.8000030517578,34.560001373291016
2022-10-19,27.665000915527344,459.0,183.94000244140625,154.42138671875,12.609999656677246,297.760009765625,172.47999572753906,296.1656799316406,45.629520416259766,144.3000030517578,7460.0,522.9703369140625,36.94552993774414,102.01000213623047,190.99000549316406,83.66000366210938,520.3200073242188,208.20828247070312,505.6099853515625,292.0199890136719,709.3699951171875,335.489990234375,24.25,209.19000244140625,34.3849983215332,4.78000020980835,8.026000022888184,77.07233428955078,34.369998931884766,241.4499969482422,53.74361038208008,18.299999237060547,272.3800048828125,138.28826904296875,120.51000213623047,88.45999908447266,30.15999984741211,100.29000091552734,5.600429534912109,133.22999572753906,34.4900016784668
2022-10-20,27.325000762939453,469.6000061035156,178.3000030517578,153.43756103515625,12.920000076293945,296.2799987792969,172.22000122070312,291.337158203125,44.772159576416016,145.33999633789062,7416.0,523.6470336914062,37.411808013916016,102.45999908447266,188.0,82.44999694824219,520.8800048828125,210.5414276123047,486.8599853515625,290.1600036621094,705.8900146484375,331.20001220703125,23.920000076293945,208.61000061035156,34.54499816894531,4.769999980926514,8.005999565124512,78.46894073486328,34.73500061035156,238.32000732421875,52.638057708740234,18.082000732421875,268.1600036621094,134.56741333007812,121.94000244140625,91.20999908447266,29.729999542236328,100.52999877929688,5.639938831329346,131.52999877929688,34.86000061035156
2022-10-21,27.415000915527344,454.1000061035156,182.3699951171875,158.1977081298828,13.489999771118164,302.3699951171875,174.0,295.2378845214844,46.19776916503906,145.0399932861328,7350.0,532.0062255859375,37.00505065917969,103.08000183105469,187.55999755859375,83.26000213623047,533.72998046875,211.08981323242188,496.739990234375,300.0,713.9099731445312,337.6499938964844,24.030000686645508,196.66000366210938,34.31999969482422,4.880000114440918,7.995999813079834,82.21980285644531,34.04999923706055,241.2899932861328,55.51647186279297,18.077999114990234,289.57000732421875,138.6165771484375,124.66000366210938,89.3499984741211,29.920000076293945,101.4800033569336,5.699202537536621,130.00999450683594,36.849998474121094
2022-10-24,27.934999465942383,456.3999938964844,187.61000061035156,160.8113250732422,13.180000305175781,305.6000061035156,177.0,299.6773376464844,46.118011474609375,148.94000244140625,7366.0,528.5828857421875,37.580467224121094,103.37000274658203,185.39999389648438,83.87999725341797,541.5999755859375,214.08102416992188,505.010009765625,310.5,737.1500244140625,344.94000244140625,24.6299991607666,210.36000061035156,34.834999084472656,4.659999847412109,8.17199993133545,84.73368072509766,34.630001068115234,243.9199981689453,55.94474411010742,18.253999710083008,282.45001220703125,140.84510803222656,125.98999786376953,90.44000244140625,25.68000030517578,102.97000122070312,5.511533737182617,129.72000122070312,37.279998779296875
2022-10-25,28.139999389648438,472.3999938964844,193.85000610351562,164.76651000976562,13.569999694824219,311.4100036621094,177.6199951171875,311.2897033691406,47.124916076660156,150.22000122070312,7440.0,552.1978149414062,39.37615203857422,108.33000183105469,195.52999877929688,84.5,540.219970703125,227.54147338867188,514.6199951171875,309.2099914550781,747.3300170898438,352.3500061035156,26.75,214.39999389648438,35.404998779296875,4.739999771118164,8.295999526977539,87.31739044189453,35.42499923706055,251.55999755859375,57.49848937988281,18.527999877929688,291.0199890136719,145.3021697998047,132.61000061035156,96.80000305175781,25.81999969482422,104.93000030517578,5.797975540161133,137.50999450683594,37.7400016784668
2022-10-26,28.079999923706055,477.20001220703125,193.5500030517578,165.73045349121094,13.0,319.510009765625,177.75999450683594,310.7908935546875,48.09193801879883,149.82000732421875,7546.0,552.4465942382812,39.35630798339844,109.87000274658203,196.9199981689453,85.37000274658203,543.1699829101562,229.2763671875,503.0,311.17999267578125,733.97998046875,358.29998779296875,26.739999771118164,217.47999572753906,36.10499954223633,4.739999771118164,8.272000312805176,87.9259033203125,35.279998779296875,252.02000427246094,57.74748992919922,18.56399917602539,298.6199951171875,144.77488708496094,128.9600067138672,96.45999908447266,27.860000610351562,94.81999969482422,5.876993656158447,129.82000732421875,37.790000915527344
2022-10-27,28.104999542236328,471.1000061035156,193.66000366210938,165.85963439941406,12.489999771118164,319.3699951171875,180.1999969482422,318.55242919921875,48.5804328918457,150.25999450683594,7578.0,552.2376098632812,39.01900100708008,111.01000213623047,198.67999267578125,85.56999969482422,541.7999877929688,215.66636657714844,498.32000732421875,287.8900146484375,724.8800048828125,356.1400146484375,28.469999313354492,217.77000427246094,36.39500045776367,4.769999980926514,8.371999740600586,86.32979583740234,35.334999084472656,249.05999755859375,57.81720733642578,18.652000427246094,296.94000244140625,145.9388885498047,131.75999450683594,95.88999938964844,26.959999084472656,92.5999984741211,6.084417343139648,97.94000244140625,37.7599983215332
2022-10-28,28.094999313354492,463.75,198.72999572753906,166.4757843017578,12.949999809265137,329.4700012207031,182.33999633789062,326.15435791015625,49.22843933105469,146.44000244140625,7586.0,565.2939453125,39.369998931884766,112.9800033569336,204.7100067138672,86.81999969482422,551.239990234375,223.63294982910156,503.8399963378906,313.8900146484375,750.760009765625,364.2799987792969,29.549999237060547,223.66000366210938,35.79499816894531,4.78000020980835,8.338000297546387,89.50206756591797,36.290000915527344,254.44000244140625,59.06219482421875,19.29800033569336,295.7200012207031,149.510498046875,138.33999633789062,95.55000305175781,25.829999923706055,96.58000183105469,5.985644340515137,99.19999694824219,39.15999984741211
2022-10-31,28.25,463.70001220703125,194.9499969482422,163.22616577148438,13.0,328.17999267578125,182.74000549316406,320.4878234863281,48.480743408203125,147.75999450683594,7566.0,563.6917724609375,39.68000030517578,110.75,207.19000244140625,87.33999633789062,555.1500244140625,221.21006774902344,513.969970703125,312.0,748.75,359.67999267578125,29.639999389648438,217.47000122070312,36.09000015258789,4.599999904632568,8.51200008392334,88.07554626464844,36.47999954223633,250.39999389648438,56.42282485961914,19.167999267578125,291.8800048828125,149.3015899658203,134.97000122070312,96.08999633789062,26.280000686645508,94.66000366210938,6.202945232391357,93.16000366210938,38.400001525878906
2022-11-01,28.2450008392334,476.45001220703125,193.5500030517578,163.5640411376953,13.350000381469727,333.19000244140625,185.0399932861328,315.3799743652344,49.31816482543945,150.33999633789062,7620.0,551.8196411132812,39.400001525878906,108.55000305175781,207.8800048828125,87.73999786376953,547.3099975585938,221.90802001953125,517.6900024414062,314.20001220703125,759.9099731445312,394.92999267578125,28.8799991607666,221.1300048828125,36.04499816894531,5.150000095367432,8.567999839782715,89.5718994140625,36.459999084472656,252.1199951171875,56.23358154296875,19.327999114990234,286.75,150.86354064941406,135.42999267578125,95.76000213623047,28.420000076293945,90.5,6.232576847076416,95.19999694824219,39.150001525878906
2022-11-02,28.114999771118164,473.04998779296875,185.7100067138672,159.20140075683594,12.680000305175781,319.82000732421875,183.75999450683594,310.00274658203125,49.68702697753906,150.10000610351562,7660.0,546.5851440429688,38.16999816894531,106.73999786376953,205.19000244140625,85.77999877929688,543.4299926757812,223.92210388183594,490.9800109863281,310.010009765625,740.47998046875,372.6400146484375,28.040000915527344,213.82000732421875,35.18000030517578,5.139999866485596,8.52400016784668,87.54682922363281,35.77000045776367,245.1699981689453,52.369144439697266,19.511999130249023,273.0,149.8388214111328,132.19000244140625,96.5,28.350000381469727,87.06999969482422,5.926380634307861,90.54000091552734,37.66999816894531
2022-11-03,28.170000076293945,470.1499938964844,179.82000732421875,158.8039093017578,11.970000267028809,309.1700134277344,185.5,308.566162109375,48.331199645996094,149.52000427246094,7612.0,582.510009765625,37.41999816894531,108.01000213623047,201.3300018310547,84.0199966430664,543.6099853515625,222.92503356933594,486.94000244140625,311.29998779296875,738.6799926757812,369.19000244140625,27.719999313354492,212.75,34.53499984741211,4.460000038146973,8.53600025177002,86.09037780761719,36.03499984741211,264.0199890136719,51.54247283935547,19.49799919128418,269.05999755859375,153.79843139648438,134.2100067138672,95.19999694824219,28.729999542236328,83.48999786376953,5.886871337890625,88.91000366210938,37.349998474121094
2022-11-04,28.184999465942383,503.3999938964844,182.14999389648438,158.6349639892578,10.430000305175781,318.3699951171875,187.4600067138672,315.6493225097656,51.172454833984375,153.52000427246094,7700.0,608.1251831054688,38.66999816894531,107.62000274658203,203.9199981689453,84.6500015258789,538.1699829101562,227.32211303710938,495.54998779296875,308.82000732421875,740.2100219726562,371.7900085449219,27.280000686645508,211.91000366210938,35.505001068115234,4.5,8.697999954223633,91.47725677490234,36.904998779296875,276.05999755859375,53.05637741088867,19.577999114990234,260.7900085449219,157.87744140625,141.55999755859375,95.63999938964844,30.889999389648438,86.69999694824219,5.975767135620117,90.79000091552734,39.0
2022-11-07,28.479999542236328,505.0,186.55999755859375,158.8734588623047,10.270000457763672,325.1300048828125,188.1199951171875,318.4925842285156,52.37874221801758,152.60000610351562,7750.0,603.5773315429688,37.959999084472656,108.93000030517578,202.02000427246094,85.54000091552734,545.02001953125,233.08518981933594,492.1000061035156,303.2300109863281,750.9299926757812,385.20001220703125,27.15999984741211,214.24000549316406,35.84000015258789,4.590000152587891,8.605999946594238,94.80915069580078,36.974998474121094,277.6300048828125,54.63999938964844,19.648000717163086,258.6000061035156,157.58892822265625,143.00999450683594,95.30000305175781,31.0,88.6500015258789,6.262208938598633,96.72000122070312,39.869998931884766
2022-11-08,28.709999084472656,515.5999755859375,188.36000061035156,160.612548828125,10.0600004196167,325.75,187.89999389648438,319.1809387207031,52.49837112426758,154.17999267578125,7786.0,593.3571166992188,38.060001373291016,109.75,203.02000427246094,80.19000244140625,553.0499877929688,234.89984130859375,492.1700134277344,306.5,751.9500122070312,382.8999938964844,27.25,211.6699981689453,36.06999969482422,4.429999828338623,8.71399974822998,97.2232666015625,36.51499938964844,283.0,53.95000076293945,19.601999282836914,263.4599914550781,157.3800048828125,146.02000427246094,96.37000274658203,31.299999237060547,88.91000366210938,6.3115949630737305,96.47000122070312,40.41999816894531
2022-11-09,29.155000686645508,512.2000122070312,186.6300048828125,152.03636169433594,9.84000015258789,315.6400146484375,188.89999389648438,313.35479736328125,50.345001220703125,154.39999389648438,7888.0,595.0488891601562,37.09000015258789,108.79000091552734,201.0399932861328,79.29000091552734,540.6599731445312,229.86463928222656,484.7099914550781,309.3399963378906,742.9500122070312,379.8800048828125,26.760000228881836,209.00999450683594,35.619998931884766,4.110000133514404,8.673999786376953,94.15074920654297,36.185001373291016,280.1300048828125,52.52000045776367,19.733999252319336,254.66000366210938,156.3000030517578,137.75999450683594,96.2699966430664,29.329999923706055,87.4000015258789,6.291840553283691,101.47000122070312,39.33000183105469
2022-11-10,28.434999465942383,532.0,204.32000732421875,163.35536193847656,10.800000190734863,337.2699890136719,198.1199951171875,345.38861083984375,56.380001068115234,157.0,8072.0,644.8560791015625,40.56999969482422,118.33999633789062,220.89999389648438,81.83999633789062,544.1699829101562,242.35794067382812,520.5800170898438,311.0299987792969,741.0800170898438,416.05999755859375,30.979999542236328,222.5,38.130001068115234,4.300000190734863,8.836000442504883,104.53546142578125,37.845001220703125,289.5899963378906,58.29999923706055,19.496000289916992,274.9700012207031,162.1300048828125,157.5,102.27999877929688,31.520000457763672,94.16999816894531,6.3115949630737305,111.87000274658203,41.720001220703125
2022-11-11,27.34000015258789,543.5999755859375,209.02000427246094,172.23963928222656,11.84000015258789,339.2900085449219,200.85000610351562,355.35491943359375,57.08000183105469,158.22000122070312,8220.0,657.3948974609375,41.47999954223633,116.12999725341797,223.25999450683594,83.55000305175781,522.0800170898438,248.24066162109375,538.6799926757812,303.260009765625,734.4500122070312,441.2699890136719,33.310001373291016,224.0800018310547,39.53499984741211,4.260000228881836,8.805999755859375,110.26152038574219,38.38999938964844,288.4599914550781,59.97999954223633,18.917999267578125,290.1300048828125,161.60000610351562,163.27000427246094,104.37999725341797,33.400001525878906,96.7300033569336,6.55852746963501,113.0199966430664,42.68000030517578
2022-11-14,27.704999923706055,541.7999877929688,204.66000366210938,172.17999267578125,11.489999771118164,339.3699951171875,202.64999389648438,346.84515380859375,53.619998931884766,157.6199951171875,8022.0,635.8400268554688,40.59000015258789,112.5,215.3800048828125,82.9000015258789,513.75,244.4119110107422,534.77001953125,306.0299987792969,742.010009765625,428.0299987792969,32.29999923706055,222.6199951171875,39.4900016784668,4.190000057220459,8.925999641418457,107.34861755371094,38.1150016784668,294.8900146484375,58.900001525878906,18.979999542236328,299.2699890136719,161.64999389648438,162.9499969482422,103.95999908447266,33.400001525878906,96.02999877929688,6.5684051513671875,114.22000122070312,42.25
2022-11-15,27.604999542236328,547.2000122070312,208.83999633789062,178.97999572753906,11.329999923706055,343.510009765625,198.63999938964844,353.8185729980469,54.16999816894531,157.22000122070312,7986.0,657.22998046875,41.0,112.75,219.5800018310547,83.4000015258789,503.010009765625,245.05999755859375,546.0900268554688,305.2799987792969,728.72998046875,434.3800048828125,32.66999816894531,229.0500030517578,38.54999923706055,4.28000020980835,8.907999992370605,110.19168853759766,38.6349983215332,294.5400085449219,63.52000045776367,18.892000198364258,310.20001220703125,162.38999938964844,166.66000366210938,104.5999984741211,37.0,98.72000122070312,6.686932563781738,117.08000183105469,42.349998474121094
2022-11-16,27.764999389648438,538.0,215.1300048828125,155.47000122070312,10.90999984741211,342.760009765625,201.5,352.8309326171875,53.13999938964844,154.39999389648438,7996.0,647.8900146484375,39.66999816894531,113.6500015258789,219.14999389648438,81.77999877929688,511.5199890136719,243.8000030517578,536.010009765625,305.44000244140625,735.6699829101562,426.0799865722656,31.06999969482422,231.0,38.3650016784668,4.139999866485596,8.925999641418457,103.96685028076172,37.7599983215332,295.1199951171875,62.18000030517578,19.059999465942383,306.0199890136719,161.74000549316406,159.10000610351562,104.76000213623047,38.91999816894531,98.98999786376953,6.617791175842285,113.2300033569336,41.18000030517578
2022-11-17,27.459999084472656,540.4000244140625,208.39999389648438,162.00999450683594,10.960000038146973,341.2699890136719,202.35000610351562,345.947265625,51.939998626708984,156.66000366210938,8036.0,639.9400024414062,39.93000030517578,112.30999755859375,216.33999633789062,79.94000244140625,515.3099975585938,232.97000122070312,529.8900146484375,309.8999938964844,739.0800170898438,410.44000244140625,29.959999084472656,227.3000030517578,38.38999938964844,4.119999885559082,8.911999702453613,104.1962890625,37.220001220703125,293.29998779296875,61.31999969482422,18.95199966430664,295.2799987792969,162.6300048828125,156.77000427246094,105.77999877929688,39.119998931884766,98.5,6.5684051513671875,111.44999694824219,41.7599983215332
2022-11-18,27.594999313354492,551.0999755859375,209.92999267578125,162.8800048828125,10.770000457763672,343.69000244140625,203.85000610351562,345.0494079589844,51.84000015258789,158.22000122070312,8122.0,647.4099731445312,39.939998626708984,114.55999755859375,215.92999267578125,81.30000305175781,530.0,230.17999267578125,535.239990234375,314.6300048828125,736.72998046875,413.8900146484375,28.790000915527344,230.0800018310547,38.72999954223633,4.119999885559082,9.09000015258789,104.4456787109375,38.02000045776367,296.4800109863281,61.65999984741211,19.29800033569336,287.9800109863281,165.00999450683594,154.08999633789062,103.62000274658203,36.20000076293945,97.80000305175781,6.449877738952637,112.05000305175781,42.040000915527344
2022-11-21,27.864999771118164,549.5999755859375,210.27000427246094,158.02000427246094,10.5600004196167,338.25,203.9499969482422,346.59576416015625,51.33000183105469,157.94000244140625,8166.0,654.8900146484375,40.029998779296875,114.94999694824219,219.91000366210938,82.29000091552734,517.1900024414062,235.8800048828125,536.280029296875,316.20001220703125,738.97998046875,412.8900146484375,27.899999618530273,228.99000549316406,38.084999084472656,3.8399999141693115,9.086000442504883,104.88461303710938,38.43000030517578,296.4100036621094,62.41999816894531,19.549999237060547,285.04998779296875,164.5500030517578,153.1699981689453,104.66000366210938,36.0,95.83000183105469,6.331349849700928,109.86000061035156,41.06999969482422
2022-11-22,27.8700008392334,542.9000244140625,214.47000122070312,157.86000061035156,10.800000190734863,344.9599914550781,204.64999389648438,351.4142761230469,51.849998474121094,157.9199981689453,8164.0,656.0700073242188,41.09000015258789,115.77999877929688,218.1300048828125,77.93000030517578,523.0900268554688,236.75,544.75,321.4800109863281,749.22998046875,412.1300048828125,27.81999969482422,234.74000549316406,38.23500061035156,3.940000057220459,9.081999778747559,106.77999877929688,38.10499954223633,309.1600036621094,64.93000030517578,19.604000091552734,286.69000244140625,166.47999572753906,160.3800048828125,103.76000213623047,35.7599983215332,97.33000183105469,6.351104259490967,111.44000244140625,43.849998474121094
2022-11-23,27.954999923706055,546.0999755859375,211.02000427246094,163.41000366210938,11.34000015258789,348.6400146484375,204.5500030517578,357.41998291015625,52.08000183105469,158.27999877929688,8232.0,671.77001953125,40.779998779296875,115.52999877929688,218.25,79.0199966430664,529.7100219726562,238.2899932861328,547.2899780273438,316.1600036621094,735.3599853515625,416.5299987792969,28.56999969482422,237.27999877929688,37.869998931884766,3.9200000762939453,8.98799991607666,107.66999816894531,38.38999938964844,308.1499938964844,63.41999816894531,19.583999633789062,291.5,165.36000061035156,165.19000244140625,104.08000183105469,36.290000915527344,98.81999969482422,6.321472644805908,112.23999786376953,44.61000061035156
2022-11-24,27.959999084472656,547.7000122070312,,,,,205.39999389648438,,,159.4199981689453,8080.0,,,,,,,,,,,,,,38.6150016784668,,9.069999694824219,,38.720001220703125,,,19.719999313354492,,,,104.55999755859375,,,6.440000057220459,,
2022-11-25,28.1299991607666,545.2999877929688,210.97000122070312,163.3800048828125,11.470000267028809,351.2900085449219,204.0,357.9100036621094,51.849998474121094,159.05999755859375,8116.0,674.6599731445312,41.61000061035156,116.38999938964844,220.0800018310547,79.12000274658203,537.6199951171875,241.3699951171875,551.25,312.9800109863281,736.22998046875,411.3599853515625,27.600000381469727,239.3699951171875,38.3650016784668,4.039999961853027,9.149999618530273,105.81999969482422,38.71500015258789,309.9100036621094,62.81999969482422,19.79400062561035,285.5400085449219,166.11000061035156,162.6999969482422,107.94000244140625,34.58000183105469,97.5999984741211,6.289999961853027,111.41000366210938,44.630001068115234
